"<ID|readonly|noverify>";"<English>";"<French>";"<Italian>";"<German>";"<Spanish>";"<Russian>";"<Polish>";"<Czech>";"<Turkish>";"<Chinese>";"<Japanese>";"<Portuguese>";"<Vietnamese>";"<Ukrainian>";"<Serbian>";"<Hungarian>";"<Korean>";"<Belarusian>";"<Romanian>";"<TChinese>";"<HChinese>";"<Comments>";"<max_chars>"
"trophy/tl_tank_steel_trophy";"[Thunder League] Big Steel Trophy";"[Thunder League] Big Steel Trophy";"[Thunder League] Trofeo d'acciaio Grande";"[Thunder League] Große Stahltrophäe";"[Liga Thunder] Gran trofeo de acero";"[Лига Грома] Большой Стальной Трофей";"[Thunder League] Duże Stalowe Trofeum";"[Thunder liga] Velká ocelová trofej";"[Thunder Ligi] Büyük Çelik Ganimet";"【\t雷\t霆\t联\t赛\t】\t“\t大\t铁\t块\t”\t作\t战\t物\t资";"[Thunder League] 鋼の\t大型\tトロフィー";"[Thunder League] Big Steel Trophy";"[Thunder League] Big Steel Trophy";"[Ліга Грома] Великий Сталевий Трофей";"[Thunder Liga] Veliki čelični trofej";"[Thunder Liga] Nagy acél hadizsákmány";"[Thunder League] Big Steel Trophy";"[Ліга Грому] Вялікі сталёвы трафей";"[Thunder League] Big Steel Trophy";"[Thunder League] Big Steel Trophy";"[Thunder League] Big Steel Trophy";;
"trophy/air_tournament_AL";"Trophy of Legend";"Trophy of Legend";"Trofeo Leggendario";"Trophäe der Legende";"Trofeo de leyenda";"Трофей Легенды";"Trofeum Legendy";"Trofej z legend";"Efsane Ganimeti";"传\t奇\t作\t战\t物\t资";"伝説の\tトロフィー";"Trophy of Legend";"Trophy of Legend";"Трофей Легенди";"Trofej legende";"Legendák hadizsákmánya";"Trophy of Legend";"Трафей Легенды";"Trophy of Legend";"Trophy of Legend";"Trophy of Legend";;
"trophy/26_09_circuit_air_trophy";"▍ Tester's trophy";"▍ Tester's trophy";"▍ Trofeo Collaudatore";"▍ Tester-Trophäe";"Trofeo de probador";"▍ Трофей тестировщика";"▍ Trofeum Testera";"▍ Trofej testera";"▍ Test edici'nin ganimeti";"“\t▍\t \t测\t试\t者\t”\t作\t战\t物\t资";"▍ テスターの\tトロフィー";"▍ Tester's trophy";"▍ Tester's trophy";"▍ Трофей тестувальника";"▍ Testerski trofej";"▍ Tesztelők hadizsákmánya";"▍ Tester's trophy";"▍ Трафей тэставальніка";"▍ Tester's trophy";"▍ Tester's trophy";"▍\t Tester's trophy";;
"trophy/26_09_circuit_tank_trophy";"▔ Tester's trophy";"▔ Tester's trophy";"▔ Trofeo Collaudatore";"▔ Tester-Trophäe";"▔ Trofeo de probador";"▔ Трофей тестировщика";"▔ Trofeum Testera";"▔ Trofej testera";"▔ Test edici'nin ganimeti";"“\t▔\t \t测\t试\t者\t”\t作\t战\t物\t资";"▔ テスターの\tトロフィー";"▔ Tester's trophy";"▔ Tester's trophy";"▔ Трофей тестувальника";"▔ Testerski trofej";"▔ Tesztelők hadizsákmánya";"▔ Tester's trophy";"▔ Трафей тэставальніка";"▔ Tester's trophy";"▔ Tester's trophy";"▔\t Tester's trophy";;
"trophy/08_03_booster_trophy";"Trophy ""knight""";"Trophy ""knight""";"Trofeo ""cavaliere""";"Trophy ""knight""";"Trophy ""knight""";"Трофей ""Рыцарь""";"Trofeum „rycerz”";"Trofej ""rytíř""";"""Şövalye"" ganimeti";"“\t骑\t士\t”\t作\t战\t物\t资";"Trophy ""knight""";"Trophy ""knight""";"Trophy ""knight""";"Трофей ""Лицар""";"Trofej ""Vitez""";"Lovag hadizsákmány";"Trophy ""knight""";"Трафей «Рыцар»";"Trophy ""knight""";"Trophy ""knight""";"Trophy ""knight""";;
"trophy/halloween_shop_trophy";"Trophy ""Witch's Cauldron""";"Trophy ""Witch's Cauldron""";"Trophy ""Witch's Cauldron""";"Trophy ""Witch's Cauldron""";"Trophy ""Witch's Cauldron""";"Трофей ""Котелок ведьмы""";"Trophy ""Witch's Cauldron""";"Trophy ""Witch's Cauldron""";"Trophy ""Witch's Cauldron""";"“\t魔\t女\t的\t大\t锅\t”\t作\t战\t物\t资";"Trophy ""Witch's Cauldron""";"Trophy ""Witch's Cauldron""";"Trophy ""Witch's Cauldron""";"Trophy ""Witch's Cauldron""";"Trophy ""Witch's Cauldron""";"Trophy ""Witch's Cauldron""";"Trophy ""Witch's Cauldron""";"Trophy ""Witch's Cauldron""";"Trophy ""Witch's Cauldron""";"Trophy ""Witch's Cauldron""";"Trophy ""Witch's Cauldron""";;
"trophy/2018_valentin_trophy";"""Valentine’s day"" trophy";"""Valentine’s day"" trophy";"""Valentine’s day"" trophy";"""Valentine’s day"" trophy";"""Valentine’s day"" trophy";"Трофей Святого Валентина";"""Valentine’s day"" trophy";"""Valentine’s day"" trophy";"""Valentine’s day"" trophy";"“\t情\t人\t节\t”\t作\t战\t物\t资";"""Valentine’s day"" trophy";"""Valentine’s day"" trophy";"""Valentine’s day"" trophy";"""Valentine’s day"" trophy";"""Valentine’s day"" trophy";"""Valentine’s day"" trophy";"""Valentine’s day"" trophy";"""Valentine’s day"" trophy";"""Valentine’s day"" trophy";"""Valentine’s day"" trophy";"""Valentine\t’\ts day"" trophy";;
"trophy/victory_day_ctf_2018_trophy";"Victory Trophy";"Victory Trophy";"Victory Trophy";"Victory Trophy";"Victory Trophy";"Трофей победителя";"Victory Trophy";"Victory Trophy";"Victory Trophy";"Victory Trophy";"Victory Trophy";"Victory Trophy";"Victory Trophy";"Victory Trophy";"Victory Trophy";"Victory Trophy";"Victory Trophy";"Victory Trophy";"Victory Trophy";"Victory Trophy";"Victory Trophy";;
"trophy/tank_football_tournaments_skin_trophy";"Va coupon for one of the football camos for M551: ""Tiger"" or ""Dragon""";"Va coupon for one of the football camos for M551: ""Tiger"" or ""Dragon""";"Va coupon for one of the football camos for M551: ""Tiger"" or ""Dragon""";"Va coupon for one of the football camos for M551: ""Tiger"" or ""Dragon""";"Va coupon for one of the football camos for M551: ""Tiger"" or ""Dragon""";"Купон на один из двух футбольных камуфляжей M551 ""Тигр"" или ""Дракон""";"Va coupon for one of the football camos for M551: ""Tiger"" or ""Dragon""";"Va coupon for one of the football camos for M551: ""Tiger"" or ""Dragon""";"Va coupon for one of the football camos for M551: ""Tiger"" or ""Dragon""";"Va coupon for one of the football camos for M551: ""Tiger"" or ""Dragon""";"Va coupon for one of the football camos for M551: ""Tiger"" or ""Dragon""";"Va coupon for one of the football camos for M551: ""Tiger"" or ""Dragon""";"Va coupon for one of the football camos for M551: ""Tiger"" or ""Dragon""";"Va coupon for one of the football camos for M551: ""Tiger"" or ""Dragon""";"Va coupon for one of the football camos for M551: ""Tiger"" or ""Dragon""";"Va coupon for one of the football camos for M551: ""Tiger"" or ""Dragon""";"Va coupon for one of the football camos for M551: ""Tiger"" or ""Dragon""";"Va coupon for one of the football camos for M551: ""Tiger"" or ""Dragon""";"Va coupon for one of the football camos for M551: ""Tiger"" or ""Dragon""";"Va coupon for one of the football camos for M551: ""Tiger"" or ""Dragon""";"Va coupon for one of the football camos for M551: ""Tiger"" or ""Dragon""";;
"trophy/tank_football_console_trophy";"First tank footbal tournament trophy";"First tank footbal tournament trophy";"First tank footbal tournament trophy";"First tank footbal tournament trophy";"First tank footbal tournament trophy";"Трофей Первого футбольного танкового турнира";"First tank footbal tournament trophy";"First tank footbal tournament trophy";"First tank footbal tournament trophy";"First tank footbal tournament trophy";"First tank footbal tournament trophy";"First tank footbal tournament trophy";"First tank footbal tournament trophy";"First tank footbal tournament trophy";"First tank footbal tournament trophy";"First tank footbal tournament trophy";"First tank footbal tournament trophy";"First tank footbal tournament trophy";"First tank footbal tournament trophy";"First tank footbal tournament trophy";"First tank footbal tournament trophy";;
"trophy/football_decor_leaderboard_trophy";"One of the 3 coupons for a 3d decorations";"One of the 3 coupons for a 3d decorations";"One of the 3 coupons for a 3d decorations";"One of the 3 coupons for a 3d decorations";"One of the 3 coupons for a 3d decorations";"Один из трёх купонов на декоратор";"One of the 3 coupons for a 3d decorations";"One of the 3 coupons for a 3d decorations";"One of the 3 coupons for a 3d decorations";"One of the 3 coupons for a 3d decorations";"One of the 3 coupons for a 3d decorations";"One of the 3 coupons for a 3d decorations";"One of the 3 coupons for a 3d decorations";"One of the 3 coupons for a 3d decorations";"One of the 3 coupons for a 3d decorations";"One of the 3 coupons for a 3d decorations";"One of the 3 coupons for a 3d decorations";"One of the 3 coupons for a 3d decorations";"One of the 3 coupons for a 3d decorations";"One of the 3 coupons for a 3d decorations";"One of the 3 coupons for a 3d decorations";;
"trophy/football_title_leaderboard_trophy";"""First striker"" title";"""First striker"" title";"""First striker"" title";"""First striker"" title";"""First striker"" title";"Титул ""Первый голеадор""";"""First striker"" title";"""First striker"" title";"""First striker"" title";"""First striker"" title";"""First striker"" title";"""First striker"" title";"""First striker"" title";"""First striker"" title";"""First striker"" title";"""First striker"" title";"""First striker"" title";"""First striker"" title";"""First striker"" title";"""First striker"" title";"""First striker"" title";;
"trophy/event_trophy_dmm_xmas_2019_pack";"Xmas Trophy 2019";"Xmas Trophy 2019";"Xmas Trophy 2019";"Xmas Trophy 2019";"Xmas Trophy 2019";"Xmas Trophy 2019";"Xmas Trophy 2019";"Xmas Trophy 2019";"Xmas Trophy 2019";"Xmas Trophy 2019";"日本運営\tチームからのお\t年玉\tアイテムです。\t2019年も『War Thunder』\tをよろしくお\t願いします ";"Xmas Trophy 2019";"Xmas Trophy 2019";"Xmas Trophy 2019";"Xmas Trophy 2019";"Xmas Trophy 2019";"Xmas Trophy 2019";"Xmas Trophy 2019";"Xmas Trophy 2019";"Xmas Trophy 2019";"Xmas Trophy 2019";;
"trophy/tw_shop_event_trophy";"<color=#FED700>紅爆 — ""Red Firecracker""</color>";"<color=#FED700>紅爆 — ""Red Firecracker""</color>";"<color=#FED700>紅爆 — ""Red Firecracker""</color>";"<color=#FED700>紅爆 — ""Red Firecracker""</color>";"<color=#FED700>紅爆 — ""Red Firecracker""</color>";"<color=#FED700>紅爆 — ""Красный взрывпакет""</color>";"<color=#FED700>紅爆 — ""Red Firecracker""</color>";"<color=#FED700>紅爆 — ""Red Firecracker""</color>";"<color=#FED700>紅爆 — ""Red Firecracker""</color>";"<color=#FED700>\t紅\t爆\t \t—\t ""Red Firecracker""</color>";"<color=#FED700>紅爆 — ""Red Firecracker""</color>";"<color=#FED700>紅爆 — ""Red Firecracker""</color>";"<color=#FED700>紅爆 — ""Red Firecracker""</color>";"<color=#FED700>紅爆 — ""Red Firecracker""</color>";"<color=#FED700>紅爆 — ""Red Firecracker""</color>";"<color=#FED700>紅爆 — ""Red Firecracker""</color>";"<color=#FED700>紅爆 — ""Red Firecracker""</color>";"<color=#FED700>紅爆 — ""Red Firecracker""</color>";"<color=#FED700>紅爆 — ""Red Firecracker""</color>";"<color=#FED700>紅爆 — ""Red Firecracker""</color>";"<color=#FED700>\t紅\t爆\t \t—\t ""Red Firecracker""</color>";;
"trophy/tw_shop_event_trophy_10";"1x10 <color=#FED700>紅爆 — ""Red Firecracker""</color>";"1x10 <color=#FED700>紅爆 — ""Red Firecracker""</color>";"1x10 <color=#FED700>紅爆 — ""Red Firecracker""</color>";"1x10 <color=#FED700>紅爆 — ""Red Firecracker""</color>";"1x10 <color=#FED700>紅爆 — ""Red Firecracker""</color>";"1x10 <color=#FED700>紅爆 — ""Красный взрывпакет""</color>";"1x10 <color=#FED700>紅爆 — ""Red Firecracker""</color>";"1x10 <color=#FED700>紅爆 — ""Red Firecracker""</color>";"1x10 <color=#FED700>紅爆 — ""Red Firecracker""</color>";"1x10 <color=#FED700>\t紅\t爆\t \t—\t ""Red Firecracker""</color>";"1x10 <color=#FED700>紅爆 — ""Red Firecracker""</color>";"1x10 <color=#FED700>紅爆 — ""Red Firecracker""</color>";"1x10 <color=#FED700>紅爆 — ""Red Firecracker""</color>";"1x10 <color=#FED700>紅爆 — ""Red Firecracker""</color>";"1x10 <color=#FED700>紅爆 — ""Red Firecracker""</color>";"1x10 <color=#FED700>紅爆 — ""Red Firecracker""</color>";"1x10 <color=#FED700>紅爆 — ""Red Firecracker""</color>";"1x10 <color=#FED700>紅爆 — ""Red Firecracker""</color>";"1x10 <color=#FED700>紅爆 — ""Red Firecracker""</color>";"1x10 <color=#FED700>紅爆 — ""Red Firecracker""</color>";"1x10 <color=#FED700>\t紅\t爆\t \t—\t ""Red Firecracker""</color>";;
"item/tw_shop_event_trophy";"The Lunar New Year in War Thunder";"The Lunar New Year in War Thunder";"The Lunar New Year in War Thunder";"The Lunar New Year in War Thunder";"The Lunar New Year in War Thunder";"Лунный Новый год в War Thunder";"The Lunar New Year in War Thunder";"The Lunar New Year in War Thunder";"The Lunar New Year in War Thunder";"The Lunar New Year in War Thunder";"The Lunar New Year in War Thunder";"The Lunar New Year in War Thunder";"The Lunar New Year in War Thunder";"The Lunar New Year in War Thunder";"The Lunar New Year in War Thunder";"The Lunar New Year in War Thunder";"The Lunar New Year in War Thunder";"The Lunar New Year in War Thunder";"The Lunar New Year in War Thunder";"The Lunar New Year in War Thunder";"The Lunar New Year in War Thunder";;
"trophy/grand_final_stream_trophy";"For the War Thunder League Grand Final viewer";"For the War Thunder League Grand Final viewer";"For the War Thunder League Grand Final viewer";"For the War Thunder League Grand Final viewer";"For the War Thunder League Grand Final viewer";"Зрителю Гранд-финала Лиги War Thunder";"For the War Thunder League Grand Final viewer";"For the War Thunder League Grand Final viewer";"For the War Thunder League Grand Final viewer";"For the War Thunder League Grand Final viewer";"For the War Thunder League Grand Final viewer";"For the War Thunder League Grand Final viewer";"For the War Thunder League Grand Final viewer";"For the War Thunder League Grand Final viewer";"For the War Thunder League Grand Final viewer";"For the War Thunder League Grand Final viewer";"For the War Thunder League Grand Final viewer";"For the War Thunder League Grand Final viewer";"For the War Thunder League Grand Final viewer";"For the War Thunder League Grand Final viewer";"For the War Thunder League Grand Final viewer";;
"userlog/trophy_char_error_compensation";"Unreported Awards";"Unreported Awards";"Unreported Awards";"Unreported Awards";"Unreported Awards";"Компенсация за незачтённые бои";"Unreported Awards";"Unreported Awards";"Unreported Awards";"Unreported Awards";"Unreported Awards";"Unreported Awards";"Unreported Awards";"Unreported Awards";"Unreported Awards";"Unreported Awards";"Unreported Awards";"Unreported Awards";"Unreported Awards";"Unreported Awards";"Unreported Awards";;
"trophy/tss_league_season_2_platinum_trophy";"Platinum trophy League War Thunder";"Platinum trophy League War Thunder";"Platinum trophy League War Thunder";"Platinum trophy League War Thunder";"Platinum trophy League War Thunder";"Платиновый трофей Лиги War Thunder";"Platinum trophy League War Thunder";"Platinum trophy League War Thunder";"Platinum trophy League War Thunder";"Platinum trophy League War Thunder";"Platinum trophy League War Thunder";"Platinum trophy League War Thunder";"Platinum trophy League War Thunder";"Platinum trophy League War Thunder";"Platinum trophy League War Thunder";"Platinum trophy League War Thunder";"Platinum trophy League War Thunder";"Platinum trophy League War Thunder";"Platinum trophy League War Thunder";"Platinum trophy League War Thunder";"Platinum trophy League War Thunder";;
"trophy/tss_league_season_2_gold_trophy";"Gold trophy League War Thunder";"Gold trophy League War Thunder";"Gold trophy League War Thunder";"Gold trophy League War Thunder";"Gold trophy League War Thunder";"Золотой трофей Лиги War Thunder";"Gold trophy League War Thunder";"Gold trophy League War Thunder";"Gold trophy League War Thunder";"Gold trophy League War Thunder";"Gold trophy League War Thunder";"Gold trophy League War Thunder";"Gold trophy League War Thunder";"Gold trophy League War Thunder";"Gold trophy League War Thunder";"Gold trophy League War Thunder";"Gold trophy League War Thunder";"Gold trophy League War Thunder";"Gold trophy League War Thunder";"Gold trophy League War Thunder";"Gold trophy League War Thunder";;
"trophy/tss_league_season_2_silver_trophy";"Silver trophy League War Thunder";"Silver trophy League War Thunder";"Silver trophy League War Thunder";"Silver trophy League War Thunder";"Silver trophy League War Thunder";"Серебрянный трофей Лиги War Thunder";"Silver trophy League War Thunder";"Silver trophy League War Thunder";"Silver trophy League War Thunder";"Silver trophy League War Thunder";"Silver trophy League War Thunder";"Silver trophy League War Thunder";"Silver trophy League War Thunder";"Silver trophy League War Thunder";"Silver trophy League War Thunder";"Silver trophy League War Thunder";"Silver trophy League War Thunder";"Silver trophy League War Thunder";"Silver trophy League War Thunder";"Silver trophy League War Thunder";"Silver trophy League War Thunder";;
"trophy/defenders_day_trophy";"Defender's Trophy";"Defender's Trophy";"Trofeo Difensori";"Defender's Trophy";"Defender's Trophy";"Трофей защитника Отечества";"Defender's Trophy";"Defender's Trophy";"Koruyucu'nun Ganimeti";"Defender's Trophy";"Defender's Trophy";"Defender's Trophy";"Defender's Trophy";"Defender's Trophy";"Trofej Branioca";"Védők hadizsákmánya";"Defender's Trophy";"Трафей абаронцы Айчыны";"Defender's Trophy";"Defender's Trophy";"Defender's Trophy";;
"trophy/warthunder_new_years_2016_air_trophy";"Festive box";"Festive box";"Cassa Natalizia";"Festive box";"Festive box";"Новогодний Набор";"Festive box";"Festive box";"Festival kutusu";"Festive box";"Festive box";"Festive box";"Festive box";"Festive box";"Praznična kutija";"Ünnepi láda";"Festive box";"Навагодні набор";"Festive box";"Festive box";"Festive box";;
"trophy/warthunder_new_years_2016_tank_trophy";"Festive box";"Festive box";"Cassa Natalizia";"Festive box";"Festive box";"Новогодний Набор";"Festive box";"Festive box";"Festival kutusu";"Festive box";"Festive box";"Festive box";"Festive box";"Festive box";"Praznična kutija";"Ünnepi láda";"Festive box";"Навагодні набор";"Festive box";"Festive box";"Festive box";;
"item/warthunder_new_years_2016_trophy";"Festive box";"Festive box";"Cassa Natalizia";"Festive box";"Festive box";"Новогодний Набор";"Festive box";"Festive box";"Festival kutusu";"Festive box";"Festive box";"Festive box";"Festive box";"Festive box";"Praznična kutija";"Ünnepi láda";"Festive box";"Навагодні набор";"Festive box";"Festive box";"Festive box";;
"trophy/08_03_day_tank_trophy";"▨ Army supply boxes";"▨ Army supply boxes";"▨ Casse di Rifornimento Esercito";"▨ Army supply boxes";"▨ Army supply boxes";"▨ Ящик снабжения армии";"▨ Army supply boxes";"▨ Army supply boxes";"▨ Ordu tedarik kutuları";"▨\t Army supply boxes";"▨ Army supply boxes";"▨ Army supply boxes";"▨ Army supply boxes";"▨ Army supply boxes";"▨ Armijske kutije sa zalihama";"▨ Hadsereg ellátmányos ládák";"▨ Army supply boxes";"▨ Скрыня забеспячэння арміі";"▨ Army supply boxes";"▨ Army supply boxes";"▨\t Army supply boxes";;
"trophy/08_03_day_air_trophy";"▨ Air Force supply boxes";"▨ Air Force supply boxes";"▨ Casse di Rifornimento Aviazione";"▨ Air Force supply boxes";"▨ Air Force supply boxes";"▨ Ящик снабжения ВВС";"▨ Air Force supply boxes";"▨ Air Force supply boxes";"▨ Hava Kuvvetleri tedarik kutuları";"▨\t Air Force supply boxes";"▨ Air Force supply boxes";"▨ Air Force supply boxes";"▨ Air Force supply boxes";"▨ Air Force supply boxes";"▨ Avijacijske kutije za zalihama";"▨ Légierő ellátmányos ládák";"▨ Air Force supply boxes";"▨ Скрыня забеспячэння ВПС";"▨ Air Force supply boxes";"▨ Air Force supply boxes";"▨\t Air Force supply boxes";;
"trophy/2016_chronicle_tank_unlock_trophy";"Chronicles' reward (tanks)";"Chronicles' reward (tanks)";"Ricompensa delle Cronache (carri armati)";"Chronicles' reward (tanks)";"Chronicles' reward (tanks)";"Награда Хроники (танки)";"Chronicles' reward (tanks)";"Chronicles' reward (tanks)";"Günlük ödülü (tanklar)";"Chronicles' reward (tanks)";"Chronicles' reward (tanks)";"Chronicles' reward (tanks)";"Chronicles' reward (tanks)";"Chronicles' reward (tanks)";"Nagrada za hronike (tenkovi)";"Krónikák jutalom (harckocsik)";"Chronicles' reward (tanks)";"Узнагарода Хронікі (танкі)";"Chronicles' reward (tanks)";"Chronicles' reward (tanks)";"Chronicles' reward (tanks)";;
"trophy/2016_chronicle_aircraft_unlock_trophy";"Chronicles' reward (aircraft)";"Chronicles' reward (aircraft)";"Ricompensa delle Cronache (aerei)";"Chronicles' reward (aircraft)";"Chronicles' reward (aircraft)";"Награда Хроники (самолёты)";"Chronicles' reward (aircraft)";"Chronicles' reward (aircraft)";"Günlük ödülü (uçak)";"Chronicles' reward (aircraft)";"Chronicles' reward (aircraft)";"Chronicles' reward (aircraft)";"Chronicles' reward (aircraft)";"Chronicles' reward (aircraft)";"Nagrada za hronike (Letelice)";"Krónikák jutalom (repülőgépek)";"Chronicles' reward (aircraft)";"Узнагарода Хронікі (самалёты)";"Chronicles' reward (aircraft)";"Chronicles' reward (aircraft)";"Chronicles' reward (aircraft)";;
"trophy/booster_trophy_for_chronicle_rp";"10-40%  ▉ Random booster (10 games)";"10-40%  ▉ Random booster (10 games)";"Acceleratore Casuale 10-40% ▉ (10 partite)";"10-40%  ▉ Random booster (10 games)";"10-40%  ▉ Random booster (10 games)";"Случайный усилитель на 10-40% ▉ на 10 боёв";"10-40%  ▉ Random booster (10 games)";"10 - 40% ▉ náhodný booster (10 her)";"%10-40 ▉ Rastgele itici (10 oyun)";"10-40%  \t▉\t Random booster (10 games)";"10-40%  ▉ Random booster (10 games)";"10-40%  ▉ Random booster (10 games)";"10-40%  ▉ Random booster (10 games)";"10-40%  ▉ Random booster (10 games)";"10-40%  ▉ Nasumični buster (10 partija)";"10-40% ▉ véletlenszerű fokozó (10 csata)";"10-40%  ▉ Random booster (10 games)";"Выпадковы паскаральнік на 10-40% ▉ на 10 баёў";"10-40%  ▉ Random booster (10 games)";"10-40%  ▉ Random booster (10 games)";"10-40%  \t▉\t Random booster (10 games)";;
"trophy/booster_trophy_for_chronicle_wp";"10-40% € Random booster (10 games)";"10-40% € Random booster (10 games)";"Acceleratore Casuale 10-40% € (10 partite)";"10-40% € Random booster (10 games)";"10-40% € Random booster (10 games)";"Случайный усилитель на 10-40% € на 10 боёв";"10-40% € Random booster (10 games)";"10 - 40% € náhodný booster (10 zápasů)";"%10-40 € Rastgele itici (10 oyun)";"10-40% \t€\t Random booster (10 games)";"10-40% € Random booster (10 games)";"10-40% € Random booster (10 games)";"10-40% € Random booster (10 games)";"10-40% € Random booster (10 games)";"10-40% € Nasumični buster (10 partija)";"10-40% € véletlenszerű fokozó (10 csata)";"10-40% € Random booster (10 games)";"Выпадковы паскаральнік на 10-40% € на 10 баёў";"10-40% € Random booster (10 games)";"10-40% € Random booster (10 games)";"10-40% \t€\t Random booster (10 games)";;
"trophy/warpoints_trophy_for_chronicle";"50000-120000 €";"50000-120000 €";"50000-120000 €";"50000-120000 €";"50000-120000 €";"Случайное количество 50000 - 120000 €";"50000-120000 €";"50 000 - 120 000 €";"50000-120000 €";"50000-120000 \t€";"50000-120000 €";"50000-120000 €";"50000-120000 €";"50000-120000 €";"50000-120000 €";"50 000-120 000 €";"50000-120000 €";"Выпадковая колькасць 50 000-120 000 €";"50000-120000 €";"50000-120000 €";"50000-120000 \t€";;
"trophy/discount_trophy_for_chronicle";"-10% -20% -30% discount on premium vehicles";"-10% -20% -30% discount on premium vehicles";"-10% -20% -30% di sconto su veicoli premium";"-10% -20% -30% discount on premium vehicles";"-10% -20% -30% discount on premium vehicles";"Случайная скидка 10-30% на премиумную технику";"-10% -20% -30% discount on premium vehicles";"10%, 20%, 30% sleva na prémiové stroje";"Premium araçlarda -%10 -%20 -%30 iskonto";"-10% -20% -30% discount on premium vehicles";"-10% -20% -30% discount on premium vehicles";"-10% -20% -30% discount on premium vehicles";"-10% -20% -30% discount on premium vehicles";"-10% -20% -30% discount on premium vehicles";"-10% -20% -30% popust na premijum vozila";"10%, 20%, 30% kedvezmény a prémium járművekre";"-10% -20% -30% discount on premium vehicles";"Выпадковая зніжка 10-30% на прэміюмную тэхніку";"-10% -20% -30% discount on premium vehicles";"-10% -20% -30% discount on premium vehicles";"-10% -20% -30% discount on premium vehicles";;
"item/booster_trophy_for_chronicle_rp";"10-40%  ▉ Random booster (10 games)";"10-40%  ▉ Random booster (10 games)";"Acceleratore Casuale 10-40% ▉ (10 partite)";"10-40%  ▉ Random booster (10 games)";"10-40%  ▉ Random booster (10 games)";"Случайный усилитель на 10-40% ▉ на 10 боёв";"10-40%  ▉ Random booster (10 games)";"10 - 40% ▉ náhodný booster (10 her)";"%10-40 ▉ Rastgele itici (10 oyun)";"10-40%  \t▉\t Random booster (10 games)";"10-40%  ▉ Random booster (10 games)";"10-40%  ▉ Random booster (10 games)";"10-40%  ▉ Random booster (10 games)";"10-40%  ▉ Random booster (10 games)";"10-40%  ▉ Nasumični buster (10 partija)";"10-40% ▉ véletlenszerű fokozó (10 csata)";"10-40%  ▉ Random booster (10 games)";"Выпадковы паскаральнік на 10-40% ▉ на 10 баёў";"10-40%  ▉ Random booster (10 games)";"10-40%  ▉ Random booster (10 games)";"10-40%  \t▉\t Random booster (10 games)";;
"item/booster_trophy_for_chronicle_wp";"10-40% € Random booster (10 games)";"10-40% € Random booster (10 games)";"Acceleratore Casuale 10-40% € (10 partite)";"10-40% € Random booster (10 games)";"10-40% € Random booster (10 games)";"Случайный усилитель на 10-40% € на 10 боёв";"10-40% € Random booster (10 games)";"10 - 40% € náhodný booster (10 zápasů)";"%10-40 € Rastgele itici (10 oyun)";"10-40% \t€\t Random booster (10 games)";"10-40% € Random booster (10 games)";"10-40% € Random booster (10 games)";"10-40% € Random booster (10 games)";"10-40% € Random booster (10 games)";"10-40% € Nasumični buster (10 partija)";"10-40% € véletlenszerű fokozó (10 csata)";"10-40% € Random booster (10 games)";"Выпадковы паскаральнік на 10-40% € на 10 баёў";"10-40% € Random booster (10 games)";"10-40% € Random booster (10 games)";"10-40% \t€\t Random booster (10 games)";;
"item/warpoints_trophy_for_chronicle";"50000-120000 €";"50000-120000 €";"50000-120000 €";"50000-120000 €";"50000-120000 €";"Случайное количество 50000 - 120000 €";"50000-120000 €";"50 000 - 120 000 €";"50000-120000 €";"50000-120000 \t€";"50000-120000 €";"50000-120000 €";"50000-120000 €";"50000-120000 €";"50000-120000 €";"50 000-120 000 €";"50000-120000 €";"Выпадковая колькасць 50 000-120 000 €";"50000-120000 €";"50000-120000 €";"50000-120000 \t€";;
"item/discount_trophy_for_chronicle";"10-50% discount on premium vehicles";"10-50% discount on premium vehicles";"10-50% di sconto su veicoli premium";"10-50% discount on premium vehicles";"10-50% discount on premium vehicles";"Случайная скидка 10-50% на премиумную технику";"10-50% discount on premium vehicles";"10 - 50% sleva na prémiové stroje";"Premium araçlarda %10-50 indirim";"10-50% discount on premium vehicles";"10-50% discount on premium vehicles";"10-50% discount on premium vehicles";"10-50% discount on premium vehicles";"10-50% discount on premium vehicles";"10-50% popust na premijum vozila";"10-50% kedvezmény prémium járművekre";"10-50% discount on premium vehicles";"Выпадковая зніжка 10-50% на прэміюмную тэхніку";"10-50% discount on premium vehicles";"10-50% discount on premium vehicles";"10-50% discount on premium vehicles";;
"item/chronicle_win_trophy";"Victor’s Trophy";"Victor’s Trophy";"Trofeo del Vincitore";"Victor’s Trophy";"Victor’s Trophy";"Трофей Победителя";"Victor’s Trophy";"Vítězná kořist";"Galip'in Ganimeti";"Victor\t’\ts Trophy";"Victor’s Trophy";"Victor’s Trophy";"Victor’s Trophy";"Victor’s Trophy";"Pobednički Trofej";"Győztesek hadizsákmánya";"Victor’s Trophy";"Трафей пераможцы";"Victor’s Trophy";"Victor’s Trophy";"Victor\t’\ts Trophy";;
"item/chronicle_win_trophy_final";"Victor’s Trophy";"Victor’s Trophy";"Trofeo del Vincitore";"Victor’s Trophy";"Victor’s Trophy";"Трофей Победителя";"Victor’s Trophy";"Vítězná kořist";"Galip'in Ganimeti";"Victor\t’\ts Trophy";"Victor’s Trophy";"Victor’s Trophy";"Victor’s Trophy";"Victor’s Trophy";"Pobednički Trofej";"Győztesek hadizsákmánya";"Victor’s Trophy";"Трафей пераможцы";"Victor’s Trophy";"Victor’s Trophy";"Victor\t’\ts Trophy";;
"trophy/chronicle_win_trophy";"Victor’s Trophy";"Victor’s Trophy";"Trofeo del Vincitore";"Victor’s Trophy";"Victor’s Trophy";"Трофей Победителя";"Victor’s Trophy";"Vítězná kořist";"Victor'un kupası";"Victor\t’\ts Trophy";"Victor’s Trophy";"Victor’s Trophy";"Victor’s Trophy";"Victor’s Trophy";"Pobednički Trofej";"Győztesek hadizsákmánya";"Victor’s Trophy";"Трафей пераможцы";"Victor’s Trophy";"Victor’s Trophy";"Victor\t’\ts Trophy";;
"trophy/chronicle_win_trophy_final";"Victor’s Trophy";"Victor’s Trophy";"Trofeo del Vincitore";"Victor’s Trophy";"Victor’s Trophy";"Трофей Победителя";"Victor’s Trophy";"Vítězná kořist";"Victor'un kupası";"Victor\t’\ts Trophy";"Victor’s Trophy";"Victor’s Trophy";"Victor’s Trophy";"Victor’s Trophy";"Pobednički Trofej";"Győztesek hadizsákmánya";"Victor’s Trophy";"Трафей пераможцы";"Victor’s Trophy";"Victor’s Trophy";"Victor\t’\ts Trophy";;
"trophy/black_flag_trophy_2016";"Treasure chest";"Coffre au trésor";"Scrigno del tesoro";"Schatzkiste";"Treasure chest";"Сундук с сокровищами";"Skrzynia skarbów";"Bedna s pokladem";"Hazine sandığı";"Treasure chest";"Treasure chest";"Tesouro";"Treasure chest";"Treasure chest";"Kovčeg sa blagom";"Kincsesláda";"Treasure chest";"Скрыня са скарбам";"Treasure chest";"Treasure chest";"Treasure chest";;
"trophy/ussr_bm_8_24_rented_trophy";"Rented BM-8-24";"Rented BM-8-24";"BM-8-24 in affitto";"Rented BM-8-24";"Rented BM-8-24";"Аренда БМ-8-24";"Rented BM-8-24";"Rented BM-8-24";"Kiralık BM-8-24";"Rented BM-8-24";"Rented BM-8-24";"Rented BM-8-24";"Rented BM-8-24";"Rented BM-8-24";"Iznajmljeni BM-8-24";"Bérelt BM-8-24";"Rented BM-8-24";"Пракат БМ-8-24";"Rented BM-8-24";"Rented BM-8-24";"Rented BM-8-24";;
"item/katusha_2017";"BM-13N ""Katusha""";"BM-13N ""Katusha""";"BM-13N ""Katusha""";"BM-13N ""Katusha""";"BM-13N ""Katusha""";"БМ-13Н ""Катюша""";"BM-13N ""Katusha""";"BM-13N ""Katusha""";"BM-13N ""Katusha""";"BM-13N ""Katusha""";"BM-13N ""Katusha""";"BM-13N ""Katusha""";"BM-13N ""Katusha""";"BM-13N ""Katusha""";"BM-13N ""Kaćuša""";"BM-13N Katyusa";"BM-13N ""Katusha""";"БМ-13Н «Кацюша»";"BM-13N ""Katusha""";"BM-13N ""Katusha""";"BM-13N ""Katusha""";;
"trophy/test_limitedClass_tournament_trophy";"Access to survey";"Access to survey";"Accesso al sondaggio";"Access to survey";"Access to survey";"Доступ к опросу";"Access to survey";"Access to survey";"Access to survey";"Access to survey";"Access to survey";"Access to survey";"Access to survey";"Access to survey";"Access to survey";"Felmérés kitöltése";"Access to survey";"Даступ да апытання";"Access to survey";"Access to survey";"Access to survey";;
"trophy/supply_box_air_trophy";"▍ Supply box";"▍ Supply box";"▍ Supply box";"▍ Supply box";"▍ Supply box";"▍ Ящик снабжения";"▍ Supply box";"▍ Supply box";"▍ Supply box";"▍\t Supply box";"▍ Supply box";"▍ Supply box";"▍ Supply box";"▍ Supply box";"▍ Supply box";"▍ Supply box";"▍ Supply box";"▍ Supply box";"▍ Supply box";"▍ Supply box";"▍\t Supply box";;
"trophy/supply_box_tank_trophy";"▔ Supply box";"▔ Supply box";"▔ Supply box";"▔ Supply box";"▔ Supply box";"▔ Ящик снабжения";"▔ Supply box";"▔ Supply box";"▔ Supply box";"▔\t Supply box";"▔ Supply box";"▔ Supply box";"▔ Supply box";"▔ Supply box";"▔ Supply box";"▔ Supply box";"▔ Supply box";"▔ Supply box";"▔ Supply box";"▔ Supply box";"▔\t Supply box";;
"trophy/supply_box_ship_trophy";"┚ Supply box";"┚ Supply box";"┚ Supply box";"┚ Supply box";"┚ Supply box";"┚ Ящик снабжения";"┚ Supply box";"┚ Supply box";"┚ Supply box";"┚\t Supply box";"┚ Supply box";"┚ Supply box";"┚ Supply box";"┚ Supply box";"┚ Supply box";"┚ Supply box";"┚ Supply box";"┚ Supply box";"┚ Supply box";"┚ Supply box";"┚\t Supply box";;
"trophy/02_02_2018_stalingrad_kills_40_ussr_trophy";"▂ ""Battle for Stalingrad"" decals";"▂ ""Battle for Stalingrad"" decals";"▂ ""Battle for Stalingrad"" decals";"▂ ""Battle for Stalingrad"" decals";"▂ ""Battle for Stalingrad"" decals";"▂ Декали ""Битва за Сталинград""";"▂ ""Battle for Stalingrad"" decals";"▂ ""Battle for Stalingrad"" decals";"▂ ""Battle for Stalingrad"" decals";"▂\t ""Battle for Stalingrad"" decals";"▂ ""Battle for Stalingrad"" decals";"▂ ""Battle for Stalingrad"" decals";"▂ ""Battle for Stalingrad"" decals";"▂ ""Battle for Stalingrad"" decals";"▂ ""Battle for Stalingrad"" decals";"▂ ""Battle for Stalingrad"" decals";"▂ ""Battle for Stalingrad"" decals";"▂ ""Battle for Stalingrad"" decals";"▂ ""Battle for Stalingrad"" decals";"▂ ""Battle for Stalingrad"" decals";"▂\t ""Battle for Stalingrad"" decals";;
"trophy/02_02_2018_stalingrad_kills_40_germany_trophy";"▀ ""Battle for Stalingrad"" decals";"▀ ""Battle for Stalingrad"" decals";"▀ ""Battle for Stalingrad"" decals";"▀ ""Battle for Stalingrad"" decals";"▀ ""Battle for Stalingrad"" decals";"▀ Декали ""Битва за Сталинград""";"▀ ""Battle for Stalingrad"" decals";"▀ ""Battle for Stalingrad"" decals";"▀ ""Battle for Stalingrad"" decals";"▀\t ""Battle for Stalingrad"" decals";"▀ ""Battle for Stalingrad"" decals";"▀ ""Battle for Stalingrad"" decals";"▀ ""Battle for Stalingrad"" decals";"▀ ""Battle for Stalingrad"" decals";"▀ ""Battle for Stalingrad"" decals";"▀ ""Battle for Stalingrad"" decals";"▀ ""Battle for Stalingrad"" decals";"▀ ""Battle for Stalingrad"" decals";"▀ ""Battle for Stalingrad"" decals";"▀ ""Battle for Stalingrad"" decals";"▀\t ""Battle for Stalingrad"" decals";;
"trophy/friday_13th_trophy";"╒The Slasher’s Trophy╓";"╒The Slasher’s Trophy╓";"╒The Slasher’s Trophy╓";"╒The Slasher’s Trophy╓";"╒The Slasher’s Trophy╓";"╒Трофей Кромсателя╓";"╒The Slasher’s Trophy╓";"╒The Slasher’s Trophy╓";"╒The Slasher’s Trophy╓";"╒\tThe Slasher\t’\ts Trophy\t╓";"╒The Slasher’s Trophy╓";"╒The Slasher’s Trophy╓";"╒The Slasher’s Trophy╓";"╒The Slasher’s Trophy╓";"╒The Slasher’s Trophy╓";"╒The Slasher’s Trophy╓";"╒The Slasher’s Trophy╓";"╒The Slasher’s Trophy╓";"╒The Slasher’s Trophy╓";"╒The Slasher’s Trophy╓";"╒\tThe Slasher\t’\ts Trophy\t╓";;
"trophy/2018_13_04_friday_13th_all_trophy";"Friday 13th Trophy";"Friday 13th Trophy";"Friday 13th Trophy";"Friday 13th Trophy";"Friday 13th Trophy";"Пятница 13-е";"Friday 13th Trophy";"Friday 13th Trophy";"Friday 13th Trophy";"Friday 13th Trophy";"Friday 13th Trophy";"Friday 13th Trophy";"Friday 13th Trophy";"Friday 13th Trophy";"Friday 13th Trophy";"Friday 13th Trophy";"Friday 13th Trophy";"Friday 13th Trophy";"Friday 13th Trophy";"Friday 13th Trophy";"Friday 13th Trophy";;
"trophy/friday_13th_all_shop_trophy";"Friday 13th Trophy";"Friday 13th Trophy";"Friday 13th Trophy";"Friday 13th Trophy";"Friday 13th Trophy";"Пятница 13-е";"Friday 13th Trophy";"Friday 13th Trophy";"Friday 13th Trophy";"Friday 13th Trophy";"Friday 13th Trophy";"Friday 13th Trophy";"Friday 13th Trophy";"Friday 13th Trophy";"Friday 13th Trophy";"Friday 13th Trophy";"Friday 13th Trophy";"Friday 13th Trophy";"Friday 13th Trophy";"Friday 13th Trophy";"Friday 13th Trophy";;
"trophy/unlockables_names/inventory";"Coupon";"Coupon";"Coupon";"Coupon";"Coupon";"Купон";"Coupon";"Coupon";"Coupon";"兑\t换\t券";"Coupon";"Coupon";"Coupon";"Coupon";"Coupon";"Coupon";"Coupon";"Coupon";"Coupon";"Coupon";"Coupon";;
"trophy/wipe_booster_trophy";"Compensation for progress wipe";"Compensation for progress wipe";"Compensation for progress wipe";"Compensation for progress wipe";"Compensation for progress wipe";"Компенсация за сброс прогресса";"Compensation for progress wipe";"Compensation for progress wipe";"Compensation for progress wipe";"Compensation for progress wipe";"Compensation for progress wipe";"Compensation for progress wipe";"Compensation for progress wipe";"Compensation for progress wipe";"Compensation for progress wipe";"Compensation for progress wipe";"Compensation for progress wipe";"Compensation for progress wipe";"Compensation for progress wipe";"Compensation for progress wipe";"Compensation for progress wipe";;
"trophy/2019_tankers_day_decor_trophy";"Decorators ""Star"" or ""Headset""";"Decorators ""Star"" or ""Headset""";"Decorators ""Star"" or ""Headset""";"Decorators ""Star"" or ""Headset""";"Decorators ""Star"" or ""Headset""";"Декоратор ""Звезда"" или ""Шлемофон""";"Decorators ""Star"" or ""Headset""";"Decorators ""Star"" or ""Headset""";"Decorators ""Star"" or ""Headset""";"Decorators ""Star"" or ""Headset""";"Decorators ""Star"" or ""Headset""";"Decorators ""Star"" or ""Headset""";"Decorators ""Star"" or ""Headset""";"Decorators ""Star"" or ""Headset""";"Decorators ""Star"" or ""Headset""";"Decorators ""Star"" or ""Headset""";"Decorators ""Star"" or ""Headset""";"Decorators ""Star"" or ""Headset""";"Decorators ""Star"" or ""Headset""";"Decorators ""Star"" or ""Headset""";"Decorators ""Star"" or ""Headset""";;
"trophy/random_discount_2_rank_aircraft";"Random discount for rank 2 premium aircraft";"Random discount for rank 2 premium aircraft";"Random discount for rank 2 premium aircraft";"Random discount for rank 2 premium aircraft";"Random discount for rank 2 premium aircraft";"Скидка на премиумный самолёт 2 ранга";"Random discount for rank 2 premium aircraft";"Random discount for rank 2 premium aircraft";"Random discount for rank 2 premium aircraft";"II \t级\t高\t级\t飞\t行\t载\t具\t随\t机\t折\t扣";"Random discount for rank 2 premium aircraft";"Random discount for rank 2 premium aircraft";"Random discount for rank 2 premium aircraft";"Random discount for rank 2 premium aircraft";"Random discount for rank 2 premium aircraft";"Random discount for rank 2 premium aircraft";"Random discount for rank 2 premium aircraft";"Random discount for rank 2 premium aircraft";"Random discount for rank 2 premium aircraft";"Random discount for rank 2 premium aircraft";"Random discount for rank 2 premium aircraft";;
"trophy/ace_way_tournament_trophy_stage_1";"Ace trophy";"Ace trophy";"Ace trophy";"Ace trophy";"Ace trophy";"Трофей Аса";"Ace trophy";"Ace trophy";"Ace trophy";"Ace trophy";"Ace trophy";"Ace trophy";"Ace trophy";"Ace trophy";"Ace trophy";"Ace trophy";"Ace trophy";"Ace trophy";"Ace trophy";"Ace trophy";"Ace trophy";;
"trophy/random_discount_3_rank_aircraft";"Random discount for rank 3 premium aircraft";"Random discount for rank 3 premium aircraft";"Random discount for rank 3 premium aircraft";"Random discount for rank 3 premium aircraft";"Random discount for rank 3 premium aircraft";"Скидка на премиумный самолёт 3 ранга";"Random discount for rank 3 premium aircraft";"Random discount for rank 3 premium aircraft";"Random discount for rank 3 premium aircraft";"Random discount for rank 3 premium aircraft";"Random discount for rank 3 premium aircraft";"Random discount for rank 3 premium aircraft";"Random discount for rank 3 premium aircraft";"Random discount for rank 3 premium aircraft";"Random discount for rank 3 premium aircraft";"Random discount for rank 3 premium aircraft";"Random discount for rank 3 premium aircraft";"Random discount for rank 3 premium aircraft";"Random discount for rank 3 premium aircraft";"Random discount for rank 3 premium aircraft";"Random discount for rank 3 premium aircraft";;
"trophy/random_discount_3_rank_tanks";"Random discount for rank 3 premium tank";"Random discount for rank 3 premium tank";"Random discount for rank 3 premium tank";"Random discount for rank 3 premium tank";"Random discount for rank 3 premium tank";"Скидка на премиумный танк 3 ранга";"Random discount for rank 3 premium tank";"Random discount for rank 3 premium tank";"Random discount for rank 3 premium tank";"Random discount for rank 3 premium tank";"Random discount for rank 3 premium tank";"Random discount for rank 3 premium tank";"Random discount for rank 3 premium tank";"Random discount for rank 3 premium tank";"Random discount for rank 3 premium tank";"Random discount for rank 3 premium tank";"Random discount for rank 3 premium tank";"Random discount for rank 3 premium tank";"Random discount for rank 3 premium tank";"Random discount for rank 3 premium tank";"Random discount for rank 3 premium tank";;
"trophy/tournament_tactic_trophy";"Tactical trophy";"Tactical trophy";"Tactical trophy";"Tactical trophy";"Tactical trophy";"Трофей тактика";"Tactical trophy";"Tactical trophy";"Tactical trophy";"Tactical trophy";"Tactical trophy";"Tactical trophy";"Tactical trophy";"Tactical trophy";"Tactical trophy";"Tactical trophy";"Tactical trophy";"Tactical trophy";"Tactical trophy";"Tactical trophy";"Tactical trophy";;
"trophy/pokryshkin_trophy";"Pokryshkin’s Trophy";"Pokryshkin’s Trophy";"Pokryshkin’s Trophy";"Pokryshkin’s Trophy";"Pokryshkin’s Trophy";"Трофей Покрышкина";"Pokryshkin’s Trophy";"Pokryshkin’s Trophy";"Pokryshkin’s Trophy";"Pokryshkin\t’\ts Trophy";"Pokryshkin’s Trophy";"Pokryshkin’s Trophy";"Pokryshkin’s Trophy";"Pokryshkin’s Trophy";"Pokryshkin’s Trophy";"Pokryshkin’s Trophy";"Pokryshkin’s Trophy";"Pokryshkin’s Trophy";"Pokryshkin’s Trophy";"Pokryshkin’s Trophy";"Pokryshkin\t’\ts Trophy";;
"item/pokryshkin_trophy";"Pokryshkin’s Trophy";"Pokryshkin’s Trophy";"Pokryshkin’s Trophy";"Pokryshkin’s Trophy";"Pokryshkin’s Trophy";"Трофей Покрышкина";"Pokryshkin’s Trophy";"Pokryshkin’s Trophy";"Pokryshkin’s Trophy";"Pokryshkin\t’\ts Trophy";"Pokryshkin’s Trophy";"Pokryshkin’s Trophy";"Pokryshkin’s Trophy";"Pokryshkin’s Trophy";"Pokryshkin’s Trophy";"Pokryshkin’s Trophy";"Pokryshkin’s Trophy";"Pokryshkin’s Trophy";"Pokryshkin’s Trophy";"Pokryshkin’s Trophy";"Pokryshkin\t’\ts Trophy";;
"item/discount_50_p-39n_su";"Pokryshkin’s Trophy";"Pokryshkin’s Trophy";"Pokryshkin’s Trophy";"Pokryshkin’s Trophy";"Pokryshkin’s Trophy";"Трофей Покрышкина";"Pokryshkin’s Trophy";"Pokryshkin’s Trophy";"Pokryshkin’s Trophy";"Pokryshkin\t’\ts Trophy";"Pokryshkin’s Trophy";"Pokryshkin’s Trophy";"Pokryshkin’s Trophy";"Pokryshkin’s Trophy";"Pokryshkin’s Trophy";"Pokryshkin’s Trophy";"Pokryshkin’s Trophy";"Pokryshkin’s Trophy";"Pokryshkin’s Trophy";"Pokryshkin’s Trophy";"Pokryshkin\t’\ts Trophy";;
"item/discount_20_p-39n_su";"Pokryshkin’s Trophy";"Pokryshkin’s Trophy";"Pokryshkin’s Trophy";"Pokryshkin’s Trophy";"Pokryshkin’s Trophy";"Трофей Покрышкина";"Pokryshkin’s Trophy";"Pokryshkin’s Trophy";"Pokryshkin’s Trophy";"Pokryshkin\t’\ts Trophy";"Pokryshkin’s Trophy";"Pokryshkin’s Trophy";"Pokryshkin’s Trophy";"Pokryshkin’s Trophy";"Pokryshkin’s Trophy";"Pokryshkin’s Trophy";"Pokryshkin’s Trophy";"Pokryshkin’s Trophy";"Pokryshkin’s Trophy";"Pokryshkin’s Trophy";"Pokryshkin\t’\ts Trophy";;
"trophy/castle_trophy";"""My home is my castle!"" Trophy";"""My home is my castle!"" Trophy";"""My home is my castle!"" Trophy";"""My home is my castle!"" Trophy";"""My home is my castle!"" Trophy";"Трофей ""Мой дом — моя крепость!""";"""My home is my castle!"" Trophy";"""My home is my castle!"" Trophy";"""My home is my castle!"" Trophy";"“\t家\t就\t是\t我\t的\t温\t馨\t城\t堡\t！\t”\t作\t战\t物\t资";"""My home is my castle!"" Trophy";"""My home is my castle!"" Trophy";"""My home is my castle!"" Trophy";"""My home is my castle!"" Trophy";"""My home is my castle!"" Trophy";"""My home is my castle!"" Trophy";"""My home is my castle!"" Trophy";"""My home is my castle!"" Trophy";"""My home is my castle!"" Trophy";"""My home is my castle!"" Trophy";"""My home is my castle!"" Trophy";;
"item/booster_castle_name";"Booster ""My home is my castle!""";"Booster ""My home is my castle!""";"Booster ""My home is my castle!""";"Booster ""My home is my castle!""";"Booster ""My home is my castle!""";"Усилитель ""Мой дом — моя крепость!""";"Booster ""My home is my castle!""";"Booster ""My home is my castle!""";"Booster ""My home is my castle!""";"“\t家\t就\t是\t我\t的\t温\t馨\t城\t堡\t！\t”\t增\t益\t方\t案";"Booster ""My home is my castle!""";"Booster ""My home is my castle!""";"Booster ""My home is my castle!""";"Booster ""My home is my castle!""";"Booster ""My home is my castle!""";"Booster ""My home is my castle!""";"Booster ""My home is my castle!""";"Booster ""My home is my castle!""";"Booster ""My home is my castle!""";"Booster ""My home is my castle!""";"Booster ""My home is my castle!""";;
"userlog/castle_trophy";"""My home is my castle!"" Trophy";"""My home is my castle!"" Trophy";"""My home is my castle!"" Trophy";"""My home is my castle!"" Trophy";"""My home is my castle!"" Trophy";"Трофей ""Мой дом — моя крепость!""";"""My home is my castle!"" Trophy";"""My home is my castle!"" Trophy";"""My home is my castle!"" Trophy";"“\t家\t就\t是\t我\t的\t温\t馨\t城\t堡\t！\t”\t作\t战\t物\t资";"""My home is my castle!"" Trophy";"""My home is my castle!"" Trophy";"""My home is my castle!"" Trophy";"""My home is my castle!"" Trophy";"""My home is my castle!"" Trophy";"""My home is my castle!"" Trophy";"""My home is my castle!"" Trophy";"""My home is my castle!"" Trophy";"""My home is my castle!"" Trophy";"""My home is my castle!"" Trophy";"""My home is my castle!"" Trophy";;
"charServer/entitlement/jpn_pacific_41_43";"Japanese Pacific Campaign (1941-1942)";"Japanese Pacific Campaign (1941-1942)";"Japanese Pacific Campaign (1941-1942)";"Japanese Pacific Campaign (1941-1942)";"Japanese Pacific Campaign (1941-1942)";"Тихоокеанская кампания за Японию (1941-1942)";"Japanese Pacific Campaign (1941-1942)";"Japanese Pacific Campaign (1941-1942)";"Japanese Pacific Campaign (1941-1942)";"Japanese Pacific Campaign (1941-1942)";"Japanese Pacific Campaign (1941-1942)";"Japanese Pacific Campaign (1941-1942)";"Japanese Pacific Campaign (1941-1942)";"Japanese Pacific Campaign (1941-1942)";"Japanese Pacific Campaign (1941-1942)";"Japanese Pacific Campaign (1941-1942)";"Japanese Pacific Campaign (1941-1942)";"Japanese Pacific Campaign (1941-1942)";"Japanese Pacific Campaign (1941-1942)";"Japanese Pacific Campaign (1941-1942)";"Japanese Pacific Campaign (1941-1942)";;
"charServer/entitlement/usa_pacific_41_43";"USA Pacific Campaign (1941-1942)";"USA Pacific Campaign (1941-1942)";"USA Pacific Campaign (1941-1942)";"USA Pacific Campaign (1941-1942)";"USA Pacific Campaign (1941-1942)";"Тихоокеанская кампания за США (1941-1942)";"USA Pacific Campaign (1941-1942)";"USA Pacific Campaign (1941-1942)";"USA Pacific Campaign (1941-1942)";"USA Pacific Campaign (1941-1942)";"USA Pacific Campaign (1941-1942)";"USA Pacific Campaign (1941-1942)";"USA Pacific Campaign (1941-1942)";"USA Pacific Campaign (1941-1942)";"USA Pacific Campaign (1941-1942)";"USA Pacific Campaign (1941-1942)";"USA Pacific Campaign (1941-1942)";"USA Pacific Campaign (1941-1942)";"USA Pacific Campaign (1941-1942)";"USA Pacific Campaign (1941-1942)";"USA Pacific Campaign (1941-1942)";;
"charServer/entitlement/dora_starter_pack_2014";"Dora Pack";"Dora Pack";"Dora Pack";"Dora Pack";"Dora Pack";"Набор Дора";"Dora Pack";"Dora Pack";"Dora Pack";"Dora Pack";"Dora Pack";"Dora Pack";"Dora Pack";"Dora Pack";"Dora Pack";"Dora Pack";"Dora Pack";"Dora Pack";"Dora Pack";"Dora Pack";"Dora Pack";;
"charServer/entitlement/wop_starter_pack_mustang_gift";"Mustang Pack";"Mustang Pack";"Mustang Pack";"Mustang Pack";"Mustang Pack";"Набор Мустанг";"Mustang Pack";"Mustang Pack";"Mustang Pack";"Mustang Pack";"Mustang Pack";"Mustang Pack";"Mustang Pack";"Mustang Pack";"Mustang Pack";"Mustang Pack";"Mustang Pack";"Mustang Pack";"Mustang Pack";"Mustang Pack";"Mustang Pack";;
"charServer/entitlement/wop_starter_pack_11";"Scout Pack";"Scout Pack";"Scout Pack";"Scout Pack";"Scout Pack";"Набор Разведчик";"Scout Pack";"Scout Pack";"Scout Pack";"Scout Pack";"Scout Pack";"Scout Pack";"Scout Pack";"Scout Pack";"Scout Pack";"Scout Pack";"Scout Pack";"Scout Pack";"Scout Pack";"Scout Pack";"Scout Pack";;
"charServer/entitlement/king_tiger_pack";"King Tiger Pack";"King Tiger Pack";"King Tiger Pack";"King Tiger Pack";"King Tiger Pack";"Набор Королевский Тигр";"King Tiger Pack";"King Tiger Pack";"King Tiger Pack";"King Tiger Pack";"King Tiger Pack";"King Tiger Pack";"King Tiger Pack";"King Tiger Pack";"King Tiger Pack";"King Tiger Pack";"King Tiger Pack";"King Tiger Pack";"King Tiger Pack";"King Tiger Pack";"King Tiger Pack";;
"charServer/entitlement/wyvern_release_pack";"Wyvern Pack";"Wyvern Pack";"Wyvern Pack";"Wyvern Pack";"Wyvern Pack";"Набор Виверна";"Wyvern Pack";"Wyvern Pack";"Wyvern Pack";"Wyvern Pack";"Wyvern Pack";"Wyvern Pack";"Wyvern Pack";"Wyvern Pack";"Wyvern Pack";"Wyvern Pack";"Wyvern Pack";"Wyvern Pack";"Wyvern Pack";"Wyvern Pack";"Wyvern Pack";;
"charServer/entitlement/wt_release_m4a1_fl10";"M4A1 FL10 Pack";"M4A1 FL10 Pack";"M4A1 FL10 Pack";"M4A1 FL10 Pack";"M4A1 FL10 Pack";"Набор M4A1 FL10";"M4A1 FL10 Pack";"M4A1 FL10 Pack";"M4A1 FL10 Pack";"M4A1 FL10 Pack";"M4A1 FL10 Pack";"M4A1 FL10 Pack";"M4A1 FL10 Pack";"M4A1 FL10 Pack";"M4A1 FL10 Pack";"M4A1 FL10 Pack";"M4A1 FL10 Pack";"M4A1 FL10 Pack";"M4A1 FL10 Pack";"M4A1 FL10 Pack";"M4A1 FL10 Pack";;
"charServer/entitlement/wt_magach3_pack";"Magach 3 Pack";"Magach 3 Pack";"Magach 3 Pack";"Magach 3 Pack";"Magach 3 Pack";"Набор Magach 3";"Magach 3 Pack";"Magach 3 Pack";"Magach 3 Pack";"Magach 3 Pack";"Magach 3 Pack";"Magach 3 Pack";"Magach 3 Pack";"Magach 3 Pack";"Magach 3 Pack";"Magach 3 Pack";"Magach 3 Pack";"Magach 3 Pack";"Magach 3 Pack";"Magach 3 Pack";"Magach 3 Pack";;
"charServer/entitlement/wt_fr_vautour_2a_pack";"Vautour IIA Pack";"Vautour IIA Pack";"Vautour IIA Pack";"Vautour IIA Pack";"Vautour IIA Pack";"Набор Vautour IIA";"Vautour IIA Pack";"Vautour IIA Pack";"Vautour IIA Pack";"Vautour IIA Pack";"Vautour IIA Pack";"Vautour IIA Pack";"Vautour IIA Pack";"Vautour IIA Pack";"Vautour IIA Pack";"Vautour IIA Pack";"Vautour IIA Pack";"Vautour IIA Pack";"Vautour IIA Pack";"Vautour IIA Pack";"Vautour IIA Pack";;
"charServer/entitlement/wt_japan_jasdf_sabre_pack";"JASDF Sabre Pack";"JASDF Sabre Pack";"JASDF Sabre Pack";"JASDF Sabre Pack";"JASDF Sabre Pack";"Набор JASDF Sabre";"JASDF Sabre Pack";"JASDF Sabre Pack";"JASDF Sabre Pack";"JASDF Sabre Pack";"JASDF Sabre Pack";"JASDF Sabre Pack";"JASDF Sabre Pack";"JASDF Sabre Pack";"JASDF Sabre Pack";"JASDF Sabre Pack";"JASDF Sabre Pack";"JASDF Sabre Pack";"JASDF Sabre Pack";"JASDF Sabre Pack";"JASDF Sabre Pack";;
"charServer/entitlement/wt_japan_type_74g_pack";"Type 74 mod G/Kai Pack";"Type 74 mod G/Kai Pack";"Type 74 mod G/Kai Pack";"Type 74 mod G/Kai Pack";"Type 74 mod G/Kai Pack";"Набор Type 74 mod G/Kai";"Type 74 mod G/Kai Pack";"Type 74 mod G/Kai Pack";"Type 74 mod G/Kai Pack";"Type 74 mod G/Kai Pack";"Type 74 mod G/Kai Pack";"Type 74 mod G/Kai Pack";"Type 74 mod G/Kai Pack";"Type 74 mod G/Kai Pack";"Type 74 mod G/Kai Pack";"Type 74 mod G/Kai Pack";"Type 74 mod G/Kai Pack";"Type 74 mod G/Kai Pack";"Type 74 mod G/Kai Pack";"Type 74 mod G/Kai Pack";"Type 74 mod G/Kai Pack";;
"charServer/entitlement/wt_it_fiat_g91_r4_pack";"Набор Fiat G.91 R/4";"Набор Fiat G.91 R/4";"Набор Fiat G.91 R/4";"Набор Fiat G.91 R/4";"Набор Fiat G.91 R/4";"Набор Fiat G.91 R/4";"Набор Fiat G.91 R/4";"Набор Fiat G.91 R/4";"Набор Fiat G.91 R/4";"Н\tа\tб\tо\tр\t Fiat G.91 R/4";"Набор Fiat G.91 R/4";"Набор Fiat G.91 R/4";"Набор Fiat G.91 R/4";"Набор Fiat G.91 R/4";"Набор Fiat G.91 R/4";"Набор Fiat G.91 R/4";"Набор Fiat G.91 R/4";"Набор Fiat G.91 R/4";"Набор Fiat G.91 R/4";"Набор Fiat G.91 R/4";"Н\tа\tб\tо\tр\t Fiat G.91 R/4";;
"charServer/entitlement/wt_fr_super_amx_30_pack";"Super AMX-30 Pack";"Super AMX-30 Pack";"Super AMX-30 Pack";"Super AMX-30 Pack";"Super AMX-30 Pack";"Набор Super AMX-30";"Super AMX-30 Pack";"Super AMX-30 Pack";"Super AMX-30 Pack";"Super AMX-30 Pack";"Super AMX-30 Pack";"Super AMX-30 Pack";"Super AMX-30 Pack";"Super AMX-30 Pack";"Super AMX-30 Pack";"Super AMX-30 Pack";"Super AMX-30 Pack";"Super AMX-30 Pack";"Super AMX-30 Pack";"Super AMX-30 Pack";"Super AMX-30 Pack";;
"charServer/entitlement/wt_japan_ah_1s_cobra_pack";"AH-1S Cobra Pack";"AH-1S Cobra Pack";"AH-1S Cobra Pack";"AH-1S Cobra Pack";"AH-1S Cobra Pack";"Набор AH-1S Cobra";"AH-1S Cobra Pack";"AH-1S Cobra Pack";"AH-1S Cobra Pack";"AH-1S Cobra Pack";"AH-1S Cobra Pack";"AH-1S Cobra Pack";"AH-1S Cobra Pack";"AH-1S Cobra Pack";"AH-1S Cobra Pack";"AH-1S Cobra Pack";"AH-1S Cobra Pack";"AH-1S Cobra Pack";"AH-1S Cobra Pack";"AH-1S Cobra Pack";"AH-1S Cobra Pack";;
"charServer/entitlement/wt_beginners_pack_2019";"US Beginner's Pack";"US Beginner's Pack";"US Beginner's Pack";"US Beginner's Pack";"US Beginner's Pack";"Набор Новобранца США";"US Beginner's Pack";"US Beginner's Pack";"US Beginner's Pack";"US Beginner's Pack";"US Beginner's Pack";"US Beginner's Pack";"US Beginner's Pack";"US Beginner's Pack";"US Beginner's Pack";"US Beginner's Pack";"US Beginner's Pack";"US Beginner's Pack";"US Beginner's Pack";"US Beginner's Pack";"US Beginner's Pack";;
"charServer/entitlement/wt_cn_shenyang_f5_pack";"Shenyang F-5 Pack";"Shenyang F-5 Pack";"Shenyang F-5 Pack";"Shenyang F-5 Pack";"Shenyang F-5 Pack";"Набор Shenyang F-5";"Shenyang F-5 Pack";"Shenyang F-5 Pack";"Shenyang F-5 Pack";"Shenyang F-5 Pack";"Shenyang F-5 Pack";"Shenyang F-5 Pack";"Shenyang F-5 Pack";"Shenyang F-5 Pack";"Shenyang F-5 Pack";"Shenyang F-5 Pack";"Shenyang F-5 Pack";"Shenyang F-5 Pack";"Shenyang F-5 Pack";"Shenyang F-5 Pack";"Shenyang F-5 Pack";;
"charServer/entitlement/wt_uk_g_lynx_pack";"G-Lynx Pack";"G-Lynx Pack";"G-Lynx Pack";"G-Lynx Pack";"G-Lynx Pack";"Набор G-Lynx";"G-Lynx Pack";"G-Lynx Pack";"G-Lynx Pack";"G-Lynx Pack";"G-Lynx Pack";"G-Lynx Pack";"G-Lynx Pack";"G-Lynx Pack";"G-Lynx Pack";"G-Lynx Pack";"G-Lynx Pack";"G-Lynx Pack";"G-Lynx Pack";"G-Lynx Pack";"G-Lynx Pack";;
"charServer/entitlement/wt_fr_ec_665_tiger_hap_pack";"EC-665 Tiger HAP Pack";"EC-665 Tiger HAP Pack";"EC-665 Tiger HAP Pack";"EC-665 Tiger HAP Pack";"EC-665 Tiger HAP Pack";"Набор EC-665 Tiger HAP";"EC-665 Tiger HAP Pack";"EC-665 Tiger HAP Pack";"EC-665 Tiger HAP Pack";"EC-665 Tiger HAP Pack";"EC-665 Tiger HAP Pack";"EC-665 Tiger HAP Pack";"EC-665 Tiger HAP Pack";"EC-665 Tiger HAP Pack";"EC-665 Tiger HAP Pack";"EC-665 Tiger HAP Pack";"EC-665 Tiger HAP Pack";"EC-665 Tiger HAP Pack";"EC-665 Tiger HAP Pack";"EC-665 Tiger HAP Pack";"EC-665 Tiger HAP Pack";;
"charServer/entitlement/t29_release_pack";"T29 Pack";"T29 Pack";"T29 Pack";"T29 Pack";"T29 Pack";"Набор Т29";"T29 Pack";"T29 Pack";"T29 Pack";"T29 Pack";"T29 Pack";"T29 Pack";"T29 Pack";"T29 Pack";"T29 Pack";"T29 Pack";"T29 Pack";"T29 Pack";"T29 Pack";"T29 Pack";"T29 Pack";;
"charServer/entitlement/wt_ussr_is_6";"IS-6 Pack";"IS-6 Pack";"IS-6 Pack";"IS-6 Pack";"IS-6 Pack";"Набор ИС-6";"IS-6 Pack";"IS-6 Pack";"IS-6 Pack";"IS-6 Pack";"IS-6 Pack";"IS-6 Pack";"IS-6 Pack";"IS-6 Pack";"IS-6 Pack";"IS-6 Pack";"IS-6 Pack";"IS-6 Pack";"IS-6 Pack";"IS-6 Pack";"IS-6 Pack";;
"charServer/entitlement/release_object120_pack";"Object 120 Pack";"Object 120 Pack";"Object 120 Pack";"Object 120 Pack";"Object 120 Pack";"Набор Объект 120";"Object 120 Pack";"Object 120 Pack";"Object 120 Pack";"Object 120 Pack";"Object 120 Pack";"Object 120 Pack";"Object 120 Pack";"Object 120 Pack";"Object 120 Pack";"Object 120 Pack";"Object 120 Pack";"Object 120 Pack";"Object 120 Pack";"Object 120 Pack";"Object 120 Pack";;
"charServer/entitlement/wt_centurion_avre_pack";"AVRE Pack";"AVRE Pack";"AVRE Pack";"AVRE Pack";"AVRE Pack";"Набор AVRE";"AVRE Pack";"AVRE Pack";"AVRE Pack";"AVRE Pack";"AVRE Pack";"AVRE Pack";"AVRE Pack";"AVRE Pack";"AVRE Pack";"AVRE Pack";"AVRE Pack";"AVRE Pack";"AVRE Pack";"AVRE Pack";"AVRE Pack";;
"charServer/entitlement/wt_xm_1_gm_pack";"XM-1 General Motors Pack";"XM-1 General Motors Pack";"XM-1 General Motors Pack";"XM-1 General Motors Pack";"XM-1 General Motors Pack";"Набор XM-1 General Motors";"XM-1 General Motors Pack";"XM-1 General Motors Pack";"XM-1 General Motors Pack";"XM-1 General Motors Pack";"XM-1 General Motors Pack";"XM-1 General Motors Pack";"XM-1 General Motors Pack";"XM-1 General Motors Pack";"XM-1 General Motors Pack";"XM-1 General Motors Pack";"XM-1 General Motors Pack";"XM-1 General Motors Pack";"XM-1 General Motors Pack";"XM-1 General Motors Pack";"XM-1 General Motors Pack";;
"charServer/entitlement/wt_germany_release_leopard_pack";"Leopard Pack";"Leopard Pack";"Leopard Pack";"Leopard Pack";"Leopard Pack";"Набор Leopard";"Leopard Pack";"Leopard Pack";"Leopard Pack";"Leopard Pack";"Leopard Pack";"Leopard Pack";"Leopard Pack";"Leopard Pack";"Leopard Pack";"Leopard Pack";"Leopard Pack";"Leopard Pack";"Leopard Pack";"Leopard Pack";"Leopard Pack";;
"charServer/entitlement/wt_ussr_release_t_55am_pack";"T-55AM-1 Pack";"T-55AM-1 Pack";"T-55AM-1 Pack";"T-55AM-1 Pack";"T-55AM-1 Pack";"Набор Т-55АМ-1";"T-55AM-1 Pack";"T-55AM-1 Pack";"T-55AM-1 Pack";"T-55AM-1 Pack";"T-55AM-1 Pack";"T-55AM-1 Pack";"T-55AM-1 Pack";"T-55AM-1 Pack";"T-55AM-1 Pack";"T-55AM-1 Pack";"T-55AM-1 Pack";"T-55AM-1 Pack";"T-55AM-1 Pack";"T-55AM-1 Pack";"T-55AM-1 Pack";;
"charServer/entitlement/wt_us_f_86f_35_sabre_pack";"Sabre Skyblazers Pack";"Sabre Skyblazers Pack";"Sabre Skyblazers Pack";"Sabre Skyblazers Pack";"Sabre Skyblazers Pack";"Набор Sabre Skyblazers";"Sabre Skyblazers Pack";"Sabre Skyblazers Pack";"Sabre Skyblazers Pack";"Sabre Skyblazers Pack";"Sabre Skyblazers Pack";"Sabre Skyblazers Pack";"Sabre Skyblazers Pack";"Sabre Skyblazers Pack";"Sabre Skyblazers Pack";"Sabre Skyblazers Pack";"Sabre Skyblazers Pack";"Sabre Skyblazers Pack";"Sabre Skyblazers Pack";"Sabre Skyblazers Pack";"Sabre Skyblazers Pack";;
"charServer/entitlement/wt_uk_shot_kal_dalet_pack";"Sho’t Kal Dalet Pack";"Sho’t Kal Dalet Pack";"Sho’t Kal Dalet Pack";"Sho’t Kal Dalet Pack";"Sho’t Kal Dalet Pack";"Набор Sho’t Kal Dalet";"Sho’t Kal Dalet Pack";"Sho’t Kal Dalet Pack";"Sho’t Kal Dalet Pack";"Sho\t’\tt Kal Dalet Pack";"Sho’t Kal Dalet Pack";"Sho’t Kal Dalet Pack";"Sho’t Kal Dalet Pack";"Sho’t Kal Dalet Pack";"Sho’t Kal Dalet Pack";"Sho’t Kal Dalet Pack";"Sho’t Kal Dalet Pack";"Sho’t Kal Dalet Pack";"Sho’t Kal Dalet Pack";"Sho’t Kal Dalet Pack";"Sho\t’\tt Kal Dalet Pack";;
"charServer/entitlement/wt_germany_sea_hawk_mk100_pack";"Sea Hawk Pack";"Sea Hawk Pack";"Sea Hawk Pack";"Sea Hawk Pack";"Sea Hawk Pack";"Набор Sea Hawk";"Sea Hawk Pack";"Sea Hawk Pack";"Sea Hawk Pack";"Sea Hawk Pack";"Sea Hawk Pack";"Sea Hawk Pack";"Sea Hawk Pack";"Sea Hawk Pack";"Sea Hawk Pack";"Sea Hawk Pack";"Sea Hawk Pack";"Sea Hawk Pack";"Sea Hawk Pack";"Sea Hawk Pack";"Sea Hawk Pack";;
"charServer/entitlement/wt_japan_pg_02_pack";"PG 02 Pack";"PG 02 Pack";"PG 02 Pack";"PG 02 Pack";"PG 02 Pack";"Набор PG 02";"PG 02 Pack";"PG 02 Pack";"PG 02 Pack";"PG 02 Pack";"PG 02 Pack";"PG 02 Pack";"PG 02 Pack";"PG 02 Pack";"PG 02 Pack";"PG 02 Pack";"PG 02 Pack";"PG 02 Pack";"PG 02 Pack";"PG 02 Pack";"PG 02 Pack";;
"charServer/entitlement/wt_it_of_40_pack";"OF-40 Mk.2 (MTCA) Pack";"OF-40 Mk.2 (MTCA) Pack";"OF-40 Mk.2 (MTCA) Pack";"OF-40 Mk.2 (MTCA) Pack";"OF-40 Mk.2 (MTCA) Pack";"Набор OF-40 Mk.2 (MTCA)";"OF-40 Mk.2 (MTCA) Pack";"OF-40 Mk.2 (MTCA) Pack";"OF-40 Mk.2 (MTCA) Pack";"OF-40 Mk.2 (MTCA) Pack";"OF-40 Mk.2 (MTCA) Pack";"OF-40 Mk.2 (MTCA) Pack";"OF-40 Mk.2 (MTCA) Pack";"OF-40 Mk.2 (MTCA) Pack";"OF-40 Mk.2 (MTCA) Pack";"OF-40 Mk.2 (MTCA) Pack";"OF-40 Mk.2 (MTCA) Pack";"OF-40 Mk.2 (MTCA) Pack";"OF-40 Mk.2 (MTCA) Pack";"OF-40 Mk.2 (MTCA) Pack";"OF-40 Mk.2 (MTCA) Pack";;
"charServer/entitlement/wt_cn_m4a4_sherman_pack";"M4A4 Sherman Pack";"M4A4 Sherman Pack";"M4A4 Sherman Pack";"M4A4 Sherman Pack";"M4A4 Sherman Pack";"Набор M4A4 Sherman";"M4A4 Sherman Pack";"M4A4 Sherman Pack";"M4A4 Sherman Pack";"M4A4 Sherman Pack";"M4A4 Sherman Pack";"M4A4 Sherman Pack";"M4A4 Sherman Pack";"M4A4 Sherman Pack";"M4A4 Sherman Pack";"M4A4 Sherman Pack";"M4A4 Sherman Pack";"M4A4 Sherman Pack";"M4A4 Sherman Pack";"M4A4 Sherman Pack";"M4A4 Sherman Pack";;
"charServer/entitlement/wt_ussr_mig_17_cuba_pack";"MiG-17AS Pack";"MiG-17AS Pack";"MiG-17AS Pack";"MiG-17AS Pack";"MiG-17AS Pack";"Набор МиГ-17АС";"MiG-17AS Pack";"MiG-17AS Pack";"MiG-17AS Pack";"MiG-17AS Pack";"MiG-17AS Pack";"MiG-17AS Pack";"MiG-17AS Pack";"MiG-17AS Pack";"MiG-17AS Pack";"MiG-17AS Pack";"MiG-17AS Pack";"MiG-17AS Pack";"MiG-17AS Pack";"MiG-17AS Pack";"MiG-17AS Pack";;
"charServer/entitlement/wt_ussr_ka_50_pack";"Black Shark Pack";"Black Shark Pack";"Black Shark Pack";"Black Shark Pack";"Black Shark Pack";"Набор Черная акула";"Black Shark Pack";"Black Shark Pack";"Black Shark Pack";"Black Shark Pack";"Black Shark Pack";"Black Shark Pack";"Black Shark Pack";"Black Shark Pack";"Black Shark Pack";"Black Shark Pack";"Black Shark Pack";"Black Shark Pack";"Black Shark Pack";"Black Shark Pack";"Black Shark Pack";;
"charServer/entitlement/wt_sv_vl_pyorremyrsky_pack";"VL Pyorremyrsky Pack";"VL Pyorremyrsky Pack";"VL Pyorremyrsky Pack";"VL Pyorremyrsky Pack";"VL Pyorremyrsky Pack";"Набор VL Pyorremyrsky";"VL Pyorremyrsky Pack";"VL Pyorremyrsky Pack";"VL Pyorremyrsky Pack";"VL Pyorremyrsky Pack";"VL Pyorremyrsky Pack";"VL Pyorremyrsky Pack";"VL Pyorremyrsky Pack";"VL Pyorremyrsky Pack";"VL Pyorremyrsky Pack";"VL Pyorremyrsky Pack";"VL Pyorremyrsky Pack";"VL Pyorremyrsky Pack";"VL Pyorremyrsky Pack";"VL Pyorremyrsky Pack";"VL Pyorremyrsky Pack";;
"charServer/entitlement/wt_sv_saab_j29d_pack";"Saab J-29D Pack";"Saab J-29D Pack";"Saab J-29D Pack";"Saab J-29D Pack";"Saab J-29D Pack";"Набор Saab J-29D";"Saab J-29D Pack";"Saab J-29D Pack";"Saab J-29D Pack";"Saab J-29D Pack";"Saab J-29D Pack";"Saab J-29D Pack";"Saab J-29D Pack";"Saab J-29D Pack";"Saab J-29D Pack";"Saab J-29D Pack";"Saab J-29D Pack";"Saab J-29D Pack";"Saab J-29D Pack";"Saab J-29D Pack";"Saab J-29D Pack";;
"charServer/entitlement/wt_it_a129_mangusta_pack";"Mangusta Pack";"Mangusta Pack";"Mangusta Pack";"Mangusta Pack";"Mangusta Pack";"Набор Mangusta";"Mangusta Pack";"Mangusta Pack";"Mangusta Pack";"Mangusta Pack";"Mangusta Pack";"Mangusta Pack";"Mangusta Pack";"Mangusta Pack";"Mangusta Pack";"Mangusta Pack";"Mangusta Pack";"Mangusta Pack";"Mangusta Pack";"Mangusta Pack";"Mangusta Pack";;
"charServer/entitlement/wt_uk_hunter_fga_9_pack";"Hunter FGA.9 Pack";"Hunter FGA.9 Pack";"Hunter FGA.9 Pack";"Hunter FGA.9 Pack";"Hunter FGA.9 Pack";"Набор Hunter FGA.9";"Hunter FGA.9 Pack";"Hunter FGA.9 Pack";"Hunter FGA.9 Pack";"Hunter FGA.9 Pack";"Hunter FGA.9 Pack";"Hunter FGA.9 Pack";"Hunter FGA.9 Pack";"Hunter FGA.9 Pack";"Hunter FGA.9 Pack";"Hunter FGA.9 Pack";"Hunter FGA.9 Pack";"Hunter FGA.9 Pack";"Hunter FGA.9 Pack";"Hunter FGA.9 Pack";"Hunter FGA.9 Pack";;
"charServer/entitlement/wt_sw_strv_103_0_pack";"Strv 103-0 Pack";"Strv 103-0 Pack";"Strv 103-0 Pack";"Strv 103-0 Pack";"Strv 103-0 Pack";"Набор Strv 103-0";"Strv 103-0 Pack";"Strv 103-0 Pack";"Strv 103-0 Pack";"Strv 103-0 Pack";"Strv 103-0 Pack";"Strv 103-0 Pack";"Strv 103-0 Pack";"Strv 103-0 Pack";"Strv 103-0 Pack";"Strv 103-0 Pack";"Strv 103-0 Pack";"Strv 103-0 Pack";"Strv 103-0 Pack";"Strv 103-0 Pack";"Strv 103-0 Pack";;
"charServer/entitlement/sw_sav_fm48_pack";"SAV 20.12.48 Pack";"SAV 20.12.48 Pack";"SAV 20.12.48 Pack";"SAV 20.12.48 Pack";"SAV 20.12.48 Pack";"Набор SAV 20.12.48";"SAV 20.12.48 Pack";"SAV 20.12.48 Pack";"SAV 20.12.48 Pack";"SAV 20.12.48 Pack";"SAV 20.12.48 Pack";"SAV 20.12.48 Pack";"SAV 20.12.48 Pack";"SAV 20.12.48 Pack";"SAV 20.12.48 Pack";"SAV 20.12.48 Pack";"SAV 20.12.48 Pack";"SAV 20.12.48 Pack";"SAV 20.12.48 Pack";"SAV 20.12.48 Pack";"SAV 20.12.48 Pack";;
"charServer/entitlement/wt_germany_prinz_eugen_pack";"Prinz Eugen Pack";"Prinz Eugen Pack";"Prinz Eugen Pack";"Prinz Eugen Pack";"Prinz Eugen Pack";"Набор Prinz Eugen";"Prinz Eugen Pack";"Prinz Eugen Pack";"Prinz Eugen Pack";"Prinz Eugen Pack";"Prinz Eugen Pack";"Prinz Eugen Pack";"Prinz Eugen Pack";"Prinz Eugen Pack";"Prinz Eugen Pack";"Prinz Eugen Pack";"Prinz Eugen Pack";"Prinz Eugen Pack";"Prinz Eugen Pack";"Prinz Eugen Pack";"Prinz Eugen Pack";;
"charServer/entitlement/wt_ussr_beginners_pack_2019";"USSR Beginner's Pack";"USSR Beginner's Pack";"USSR Beginner's Pack";"USSR Beginner's Pack";"USSR Beginner's Pack";"Набор Новобранца СССР";"USSR Beginner's Pack";"USSR Beginner's Pack";"USSR Beginner's Pack";"USSR Beginner's Pack";"USSR Beginner's Pack";"USSR Beginner's Pack";"USSR Beginner's Pack";"USSR Beginner's Pack";"USSR Beginner's Pack";"USSR Beginner's Pack";"USSR Beginner's Pack";"USSR Beginner's Pack";"USSR Beginner's Pack";"USSR Beginner's Pack";"USSR Beginner's Pack";;
"charServer/entitlement/wt_germany_beginners_pack_2019";"German Beginner's Pack";"German Beginner's Pack";"German Beginner's Pack";"German Beginner's Pack";"German Beginner's Pack";"Набор Новобранца Германии";"German Beginner's Pack";"German Beginner's Pack";"German Beginner's Pack";"German Beginner's Pack";"German Beginner's Pack";"German Beginner's Pack";"German Beginner's Pack";"German Beginner's Pack";"German Beginner's Pack";"German Beginner's Pack";"German Beginner's Pack";"German Beginner's Pack";"German Beginner's Pack";"German Beginner's Pack";"German Beginner's Pack";;
"charServer/entitlement/wt_japan_beginners_pack_2020";"Japanese Beginner's Pack";"Japanese Beginner's Pack";"Japanese Beginner's Pack";"Japanese Beginner's Pack";"Japanese Beginner's Pack";"Набор Новобранца Японии";"Japanese Beginner's Pack";"Japanese Beginner's Pack";"Japanese Beginner's Pack";"Japanese Beginner's Pack";"Japanese Beginner's Pack";"Japanese Beginner's Pack";"Japanese Beginner's Pack";"Japanese Beginner's Pack";"Japanese Beginner's Pack";"Japanese Beginner's Pack";"Japanese Beginner's Pack";"Japanese Beginner's Pack";"Japanese Beginner's Pack";"Japanese Beginner's Pack";"Japanese Beginner's Pack";;
"charServer/entitlement/wt_britain_beginners_pack_2020";"British Beginner's Pack";"British Beginner's Pack";"British Beginner's Pack";"British Beginner's Pack";"British Beginner's Pack";"Набор Новобранца Великобритании";"British Beginner's Pack";"British Beginner's Pack";"British Beginner's Pack";"British Beginner's Pack";"British Beginner's Pack";"British Beginner's Pack";"British Beginner's Pack";"British Beginner's Pack";"British Beginner's Pack";"British Beginner's Pack";"British Beginner's Pack";"British Beginner's Pack";"British Beginner's Pack";"British Beginner's Pack";"British Beginner's Pack";;
"charServer/entitlement/wt_uk_rooikat_105_pack";"Rooikat 105 Pack";"Rooikat 105 Pack";"Rooikat 105 Pack";"Rooikat 105 Pack";"Rooikat 105 Pack";"Набор Rooikat 105";"Rooikat 105 Pack";"Rooikat 105 Pack";"Rooikat 105 Pack";"Rooikat 105 Pack";"Rooikat 105 Pack";"Rooikat 105 Pack";"Rooikat 105 Pack";"Rooikat 105 Pack";"Rooikat 105 Pack";"Rooikat 105 Pack";"Rooikat 105 Pack";"Rooikat 105 Pack";"Rooikat 105 Pack";"Rooikat 105 Pack";"Rooikat 105 Pack";;
"charServer/entitlement/wt_usa_ah_64a_peten_pack";"Apache Pack";"Apache Pack";"Apache Pack";"Apache Pack";"Apache Pack";"Набор Apache";"Apache Pack";"Apache Pack";"Apache Pack";"Apache Pack";"Apache Pack";"Apache Pack";"Apache Pack";"Apache Pack";"Apache Pack";"Apache Pack";"Apache Pack";"Apache Pack";"Apache Pack";"Apache Pack";"Apache Pack";;
"charServer/entitlement/wt_sw_cv_90105_tml_pack";"CV 90105 TML Pack";"CV 90105 TML Pack";"CV 90105 TML Pack";"CV 90105 TML Pack";"CV 90105 TML Pack";"Набор CV 90105 TML";"CV 90105 TML Pack";"CV 90105 TML Pack";"CV 90105 TML Pack";"CV 90105 TML Pack";"CV 90105 TML Pack";"CV 90105 TML Pack";"CV 90105 TML Pack";"CV 90105 TML Pack";"CV 90105 TML Pack";"CV 90105 TML Pack";"CV 90105 TML Pack";"CV 90105 TML Pack";"CV 90105 TML Pack";"CV 90105 TML Pack";"CV 90105 TML Pack";;
"charServer/entitlement/it_geniere_pack";"Geniere Pack";"Geniere Pack";"Geniere Pack";"Geniere Pack";"Geniere Pack";"Набор Geniere";"Geniere Pack";"Geniere Pack";"Geniere Pack";"Geniere Pack";"Geniere Pack";"Geniere Pack";"Geniere Pack";"Geniere Pack";"Geniere Pack";"Geniere Pack";"Geniere Pack";"Geniere Pack";"Geniere Pack";"Geniere Pack";"Geniere Pack";;
"charServer/entitlement/it_p420_sparviero_pack";"P 420 Sparviero Pack";"P 420 Sparviero Pack";"P 420 Sparviero Pack";"P 420 Sparviero Pack";"P 420 Sparviero Pack";"Набор P 420 Sparviero";"P 420 Sparviero Pack";"P 420 Sparviero Pack";"P 420 Sparviero Pack";"P 420 Sparviero Pack";"P 420 Sparviero Pack";"P 420 Sparviero Pack";"P 420 Sparviero Pack";"P 420 Sparviero Pack";"P 420 Sparviero Pack";"P 420 Sparviero Pack";"P 420 Sparviero Pack";"P 420 Sparviero Pack";"P 420 Sparviero Pack";"P 420 Sparviero Pack";"P 420 Sparviero Pack";;
"charServer/entitlement/cn_type_69_2g_pack";"Type 69-IIG Pack";"Type 69-IIG Pack";"Type 69-IIG Pack";"Type 69-IIG Pack";"Type 69-IIG Pack";"Набор Type 69-IIG";"Type 69-IIG Pack";"Type 69-IIG Pack";"Type 69-IIG Pack";"Type 69-IIG Pack";"Type 69-IIG Pack";"Type 69-IIG Pack";"Type 69-IIG Pack";"Type 69-IIG Pack";"Type 69-IIG Pack";"Type 69-IIG Pack";"Type 69-IIG Pack";"Type 69-IIG Pack";"Type 69-IIG Pack";"Type 69-IIG Pack";"Type 69-IIG Pack";;
"charServer/entitlement/wt_italian_ships_cbt_decal";"Emblem of the Navy of the Kingdom of Italy";"Emblem of the Navy of the Kingdom of Italy";"Emblem of the Navy of the Kingdom of Italy";"Emblem of the Navy of the Kingdom of Italy";"Emblem of the Navy of the Kingdom of Italy";"Эмблема Королевского флота Италии";"Emblem of the Navy of the Kingdom of Italy";"Emblem of the Navy of the Kingdom of Italy";"Emblem of the Navy of the Kingdom of Italy";"Emblem of the Navy of the Kingdom of Italy";"Emblem of the Navy of the Kingdom of Italy";"Emblem of the Navy of the Kingdom of Italy";"Emblem of the Navy of the Kingdom of Italy";"Emblem of the Navy of the Kingdom of Italy";"Emblem of the Navy of the Kingdom of Italy";"Emblem of the Navy of the Kingdom of Italy";"Emblem of the Navy of the Kingdom of Italy";"Emblem of the Navy of the Kingdom of Italy";"Emblem of the Navy of the Kingdom of Italy";"Emblem of the Navy of the Kingdom of Italy";"Emblem of the Navy of the Kingdom of Italy";;
"charServer/entitlement/invader_pack_ps_prem";"Invader Pack";"Invader Pack";"Invader Pack";"Invader Pack";"Invader Pack";"Набор Invader";"Invader Pack";"Invader Pack";"Invader Pack";"Invader Pack";"Invader Pack";"Invader Pack";"Invader Pack";"Invader Pack";"Invader Pack";"Invader Pack";"Invader Pack";"Invader Pack";"Invader Pack";"Invader Pack";"Invader Pack";;
"charServer/entitlement/jpn_pacific_41_43_ps_prem";"Japanese Pacific Campaign (1941-1942)";"Japanese Pacific Campaign (1941-1942)";"Japanese Pacific Campaign (1941-1942)";"Japanese Pacific Campaign (1941-1942)";"Japanese Pacific Campaign (1941-1942)";"Тихоокеанская кампания за Японию (1941-1942)";"Japanese Pacific Campaign (1941-1942)";"Japanese Pacific Campaign (1941-1942)";"Japanese Pacific Campaign (1941-1942)";"Japanese Pacific Campaign (1941-1942)";"Japanese Pacific Campaign (1941-1942)";"Japanese Pacific Campaign (1941-1942)";"Japanese Pacific Campaign (1941-1942)";"Japanese Pacific Campaign (1941-1942)";"Japanese Pacific Campaign (1941-1942)";"Japanese Pacific Campaign (1941-1942)";"Japanese Pacific Campaign (1941-1942)";"Japanese Pacific Campaign (1941-1942)";"Japanese Pacific Campaign (1941-1942)";"Japanese Pacific Campaign (1941-1942)";"Japanese Pacific Campaign (1941-1942)";;
"charServer/entitlement/usa_pacific_41_43_ps_prem";"USA Pacific Campaign (1941-1942)";"USA Pacific Campaign (1941-1942)";"USA Pacific Campaign (1941-1942)";"USA Pacific Campaign (1941-1942)";"USA Pacific Campaign (1941-1942)";"Тихоокеанская кампания за США (1941-1942)";"USA Pacific Campaign (1941-1942)";"USA Pacific Campaign (1941-1942)";"USA Pacific Campaign (1941-1942)";"USA Pacific Campaign (1941-1942)";"USA Pacific Campaign (1941-1942)";"USA Pacific Campaign (1941-1942)";"USA Pacific Campaign (1941-1942)";"USA Pacific Campaign (1941-1942)";"USA Pacific Campaign (1941-1942)";"USA Pacific Campaign (1941-1942)";"USA Pacific Campaign (1941-1942)";"USA Pacific Campaign (1941-1942)";"USA Pacific Campaign (1941-1942)";"USA Pacific Campaign (1941-1942)";"USA Pacific Campaign (1941-1942)";;
"charServer/entitlement/dora_pack_ps_prem";"Dora Pack";"Dora Pack";"Dora Pack";"Dora Pack";"Dora Pack";"Набор Дора";"Dora Pack";"Dora Pack";"Dora Pack";"Dora Pack";"Dora Pack";"Dora Pack";"Dora Pack";"Dora Pack";"Dora Pack";"Dora Pack";"Dora Pack";"Dora Pack";"Dora Pack";"Dora Pack";"Dora Pack";;
"charServer/entitlement/mustang_pack_ps_prem";"Mustang Pack";"Mustang Pack";"Mustang Pack";"Mustang Pack";"Mustang Pack";"Набор Мустанг";"Mustang Pack";"Mustang Pack";"Mustang Pack";"Mustang Pack";"Mustang Pack";"Mustang Pack";"Mustang Pack";"Mustang Pack";"Mustang Pack";"Mustang Pack";"Mustang Pack";"Mustang Pack";"Mustang Pack";"Mustang Pack";"Mustang Pack";;
"charServer/entitlement/scout_pack_ps_prem";"Scout Pack";"Scout Pack";"Scout Pack";"Scout Pack";"Scout Pack";"Набор Разведчик";"Scout Pack";"Scout Pack";"Scout Pack";"Scout Pack";"Scout Pack";"Scout Pack";"Scout Pack";"Scout Pack";"Scout Pack";"Scout Pack";"Scout Pack";"Scout Pack";"Scout Pack";"Scout Pack";"Scout Pack";;
"charServer/entitlement/king_tiger_pack_ps_prem";"King Tiger Pack";"King Tiger Pack";"King Tiger Pack";"King Tiger Pack";"King Tiger Pack";"Набор Королевский Тигр";"King Tiger Pack";"King Tiger Pack";"King Tiger Pack";"King Tiger Pack";"King Tiger Pack";"King Tiger Pack";"King Tiger Pack";"King Tiger Pack";"King Tiger Pack";"King Tiger Pack";"King Tiger Pack";"King Tiger Pack";"King Tiger Pack";"King Tiger Pack";"King Tiger Pack";;
"charServer/entitlement/wyvern_pack_ps_prem";"Wyvern Pack";"Wyvern Pack";"Wyvern Pack";"Wyvern Pack";"Wyvern Pack";"Набор Виверна";"Wyvern Pack";"Wyvern Pack";"Wyvern Pack";"Wyvern Pack";"Wyvern Pack";"Wyvern Pack";"Wyvern Pack";"Wyvern Pack";"Wyvern Pack";"Wyvern Pack";"Wyvern Pack";"Wyvern Pack";"Wyvern Pack";"Wyvern Pack";"Wyvern Pack";;
"charServer/entitlement/fr_m4a1_sherman_fl_10_ps_prem";"M4A1 FL10 Pack";"M4A1 FL10 Pack";"M4A1 FL10 Pack";"M4A1 FL10 Pack";"M4A1 FL10 Pack";"Набор M4A1 FL10";"M4A1 FL10 Pack";"M4A1 FL10 Pack";"M4A1 FL10 Pack";"M4A1 FL10 Pack";"M4A1 FL10 Pack";"M4A1 FL10 Pack";"M4A1 FL10 Pack";"M4A1 FL10 Pack";"M4A1 FL10 Pack";"M4A1 FL10 Pack";"M4A1 FL10 Pack";"M4A1 FL10 Pack";"M4A1 FL10 Pack";"M4A1 FL10 Pack";"M4A1 FL10 Pack";;
"charServer/entitlement/us_magach3_ps_prem";"Magach 3 Pack";"Magach 3 Pack";"Magach 3 Pack";"Magach 3 Pack";"Magach 3 Pack";"Набор Magach 3";"Magach 3 Pack";"Magach 3 Pack";"Magach 3 Pack";"Magach 3 Pack";"Magach 3 Pack";"Magach 3 Pack";"Magach 3 Pack";"Magach 3 Pack";"Magach 3 Pack";"Magach 3 Pack";"Magach 3 Pack";"Magach 3 Pack";"Magach 3 Pack";"Magach 3 Pack";"Magach 3 Pack";;
"charServer/entitlement/fr_vautour_2a_ps_prem";"Vautour IIA Pack";"Vautour IIA Pack";"Vautour IIA Pack";"Vautour IIA Pack";"Vautour IIA Pack";"Набор Vautour IIA";"Vautour IIA Pack";"Vautour IIA Pack";"Vautour IIA Pack";"Vautour IIA Pack";"Vautour IIA Pack";"Vautour IIA Pack";"Vautour IIA Pack";"Vautour IIA Pack";"Vautour IIA Pack";"Vautour IIA Pack";"Vautour IIA Pack";"Vautour IIA Pack";"Vautour IIA Pack";"Vautour IIA Pack";"Vautour IIA Pack";;
"charServer/entitlement/japan_jasdf_sabre_ps_prem";"JASDF Sabre Pack";"JASDF Sabre Pack";"JASDF Sabre Pack";"JASDF Sabre Pack";"JASDF Sabre Pack";"Набор JASDF Sabre";"JASDF Sabre Pack";"JASDF Sabre Pack";"JASDF Sabre Pack";"JASDF Sabre Pack";"JASDF Sabre Pack";"JASDF Sabre Pack";"JASDF Sabre Pack";"JASDF Sabre Pack";"JASDF Sabre Pack";"JASDF Sabre Pack";"JASDF Sabre Pack";"JASDF Sabre Pack";"JASDF Sabre Pack";"JASDF Sabre Pack";"JASDF Sabre Pack";;
"charServer/entitlement/jp_type_74_ps_prem";"Type 74 mod G/Kai Pack";"Type 74 mod G/Kai Pack";"Type 74 mod G/Kai Pack";"Type 74 mod G/Kai Pack";"Type 74 mod G/Kai Pack";"Набор Type 74 mod G/Kai";"Type 74 mod G/Kai Pack";"Type 74 mod G/Kai Pack";"Type 74 mod G/Kai Pack";"Type 74 mod G/Kai Pack";"Type 74 mod G/Kai Pack";"Type 74 mod G/Kai Pack";"Type 74 mod G/Kai Pack";"Type 74 mod G/Kai Pack";"Type 74 mod G/Kai Pack";"Type 74 mod G/Kai Pack";"Type 74 mod G/Kai Pack";"Type 74 mod G/Kai Pack";"Type 74 mod G/Kai Pack";"Type 74 mod G/Kai Pack";"Type 74 mod G/Kai Pack";;
"charServer/entitlement/fiat_g91_r4_ps_prem";"Набор Fiat G.91 R/4";"Набор Fiat G.91 R/4";"Набор Fiat G.91 R/4";"Набор Fiat G.91 R/4";"Набор Fiat G.91 R/4";"Набор Fiat G.91 R/4";"Набор Fiat G.91 R/4";"Набор Fiat G.91 R/4";"Набор Fiat G.91 R/4";"Н\tа\tб\tо\tр\t Fiat G.91 R/4";"Набор Fiat G.91 R/4";"Набор Fiat G.91 R/4";"Набор Fiat G.91 R/4";"Набор Fiat G.91 R/4";"Набор Fiat G.91 R/4";"Набор Fiat G.91 R/4";"Набор Fiat G.91 R/4";"Набор Fiat G.91 R/4";"Набор Fiat G.91 R/4";"Набор Fiat G.91 R/4";"Н\tа\tб\tо\tр\t Fiat G.91 R/4";;
"charServer/entitlement/fr_amx_30_super_ps_prem";"Super AMX-30 Pack";"Super AMX-30 Pack";"Super AMX-30 Pack";"Super AMX-30 Pack";"Super AMX-30 Pack";"Набор Super AMX-30";"Super AMX-30 Pack";"Super AMX-30 Pack";"Super AMX-30 Pack";"Super AMX-30 Pack";"Super AMX-30 Pack";"Super AMX-30 Pack";"Super AMX-30 Pack";"Super AMX-30 Pack";"Super AMX-30 Pack";"Super AMX-30 Pack";"Super AMX-30 Pack";"Super AMX-30 Pack";"Super AMX-30 Pack";"Super AMX-30 Pack";"Super AMX-30 Pack";;
"charServer/entitlement/ah_1s_cobra_ps_prem";"AH-1S Cobra Pack";"AH-1S Cobra Pack";"AH-1S Cobra Pack";"AH-1S Cobra Pack";"AH-1S Cobra Pack";"Набор AH-1S Cobra";"AH-1S Cobra Pack";"AH-1S Cobra Pack";"AH-1S Cobra Pack";"AH-1S Cobra Pack";"AH-1S Cobra Pack";"AH-1S Cobra Pack";"AH-1S Cobra Pack";"AH-1S Cobra Pack";"AH-1S Cobra Pack";"AH-1S Cobra Pack";"AH-1S Cobra Pack";"AH-1S Cobra Pack";"AH-1S Cobra Pack";"AH-1S Cobra Pack";"AH-1S Cobra Pack";;
"charServer/entitlement/usa_beginners_pack_ps_prem";"US Starter Pack";"US Starter Pack";"US Starter Pack";"US Starter Pack";"US Starter Pack";"Начальный набор США";"US Starter Pack";"US Starter Pack";"US Starter Pack";"US Starter Pack";"US Starter Pack";"US Starter Pack";"US Starter Pack";"US Starter Pack";"US Starter Pack";"US Starter Pack";"US Starter Pack";"US Starter Pack";"US Starter Pack";"US Starter Pack";"US Starter Pack";;
"charServer/entitlement/cn_shenyang_f5_ps_prem";"Shenyang F-5 Pack";"Shenyang F-5 Pack";"Shenyang F-5 Pack";"Shenyang F-5 Pack";"Shenyang F-5 Pack";"Набор Shenyang F-5";"Shenyang F-5 Pack";"Shenyang F-5 Pack";"Shenyang F-5 Pack";"Shenyang F-5 Pack";"Shenyang F-5 Pack";"Shenyang F-5 Pack";"Shenyang F-5 Pack";"Shenyang F-5 Pack";"Shenyang F-5 Pack";"Shenyang F-5 Pack";"Shenyang F-5 Pack";"Shenyang F-5 Pack";"Shenyang F-5 Pack";"Shenyang F-5 Pack";"Shenyang F-5 Pack";;
"charServer/entitlement/g_lynx_ps_prem";"G-Lynx Pack";"G-Lynx Pack";"G-Lynx Pack";"G-Lynx Pack";"G-Lynx Pack";"Набор G-Lynx";"G-Lynx Pack";"G-Lynx Pack";"G-Lynx Pack";"G-Lynx Pack";"G-Lynx Pack";"G-Lynx Pack";"G-Lynx Pack";"G-Lynx Pack";"G-Lynx Pack";"G-Lynx Pack";"G-Lynx Pack";"G-Lynx Pack";"G-Lynx Pack";"G-Lynx Pack";"G-Lynx Pack";;
"charServer/entitlement/tiger_hap_france_ps_prem";"EC-665 Tiger HAP Pack";"EC-665 Tiger HAP Pack";"EC-665 Tiger HAP Pack";"EC-665 Tiger HAP Pack";"EC-665 Tiger HAP Pack";"Набор EC-665 Tiger HAP";"EC-665 Tiger HAP Pack";"EC-665 Tiger HAP Pack";"EC-665 Tiger HAP Pack";"EC-665 Tiger HAP Pack";"EC-665 Tiger HAP Pack";"EC-665 Tiger HAP Pack";"EC-665 Tiger HAP Pack";"EC-665 Tiger HAP Pack";"EC-665 Tiger HAP Pack";"EC-665 Tiger HAP Pack";"EC-665 Tiger HAP Pack";"EC-665 Tiger HAP Pack";"EC-665 Tiger HAP Pack";"EC-665 Tiger HAP Pack";"EC-665 Tiger HAP Pack";;
"charServer/entitlement/t29_pack_ps_prem";"T29 Pack";"T29 Pack";"T29 Pack";"T29 Pack";"T29 Pack";"Набор Т29";"T29 Pack";"T29 Pack";"T29 Pack";"T29 Pack";"T29 Pack";"T29 Pack";"T29 Pack";"T29 Pack";"T29 Pack";"T29 Pack";"T29 Pack";"T29 Pack";"T29 Pack";"T29 Pack";"T29 Pack";;
"charServer/entitlement/ussr_is_6_pack_ps_prem";"IS-6 Pack";"IS-6 Pack";"IS-6 Pack";"IS-6 Pack";"IS-6 Pack";"Набор ИС-6";"IS-6 Pack";"IS-6 Pack";"IS-6 Pack";"IS-6 Pack";"IS-6 Pack";"IS-6 Pack";"IS-6 Pack";"IS-6 Pack";"IS-6 Pack";"IS-6 Pack";"IS-6 Pack";"IS-6 Pack";"IS-6 Pack";"IS-6 Pack";"IS-6 Pack";;
"charServer/entitlement/ussr_object120_ps_prem";"Object 120 Pack";"Object 120 Pack";"Object 120 Pack";"Object 120 Pack";"Object 120 Pack";"Набор Объект 120";"Object 120 Pack";"Object 120 Pack";"Object 120 Pack";"Object 120 Pack";"Object 120 Pack";"Object 120 Pack";"Object 120 Pack";"Object 120 Pack";"Object 120 Pack";"Object 120 Pack";"Object 120 Pack";"Object 120 Pack";"Object 120 Pack";"Object 120 Pack";"Object 120 Pack";;
"charServer/entitlement/uk_centurion_mk_5_avre_era_ps_prem";"AVRE Pack";"AVRE Pack";"AVRE Pack";"AVRE Pack";"AVRE Pack";"Набор AVRE";"AVRE Pack";"AVRE Pack";"AVRE Pack";"AVRE Pack";"AVRE Pack";"AVRE Pack";"AVRE Pack";"AVRE Pack";"AVRE Pack";"AVRE Pack";"AVRE Pack";"AVRE Pack";"AVRE Pack";"AVRE Pack";"AVRE Pack";;
"charServer/entitlement/us_xm_1_gm_ps_prem";"XM-1 General Motors Pack";"XM-1 General Motors Pack";"XM-1 General Motors Pack";"XM-1 General Motors Pack";"XM-1 General Motors Pack";"Набор XM-1 General Motors";"XM-1 General Motors Pack";"XM-1 General Motors Pack";"XM-1 General Motors Pack";"XM-1 General Motors Pack";"XM-1 General Motors Pack";"XM-1 General Motors Pack";"XM-1 General Motors Pack";"XM-1 General Motors Pack";"XM-1 General Motors Pack";"XM-1 General Motors Pack";"XM-1 General Motors Pack";"XM-1 General Motors Pack";"XM-1 General Motors Pack";"XM-1 General Motors Pack";"XM-1 General Motors Pack";;
"charServer/entitlement/germ_leopard_a1a1_120_ps_prem";"Leopard Pack";"Leopard Pack";"Leopard Pack";"Leopard Pack";"Leopard Pack";"Набор Leopard";"Leopard Pack";"Leopard Pack";"Leopard Pack";"Leopard Pack";"Leopard Pack";"Leopard Pack";"Leopard Pack";"Leopard Pack";"Leopard Pack";"Leopard Pack";"Leopard Pack";"Leopard Pack";"Leopard Pack";"Leopard Pack";"Leopard Pack";;
"charServer/entitlement/ussr_t_55_am_ps_prem";"T-55AM-1 Pack";"T-55AM-1 Pack";"T-55AM-1 Pack";"T-55AM-1 Pack";"T-55AM-1 Pack";"Набор Т-55АМ-1";"T-55AM-1 Pack";"T-55AM-1 Pack";"T-55AM-1 Pack";"T-55AM-1 Pack";"T-55AM-1 Pack";"T-55AM-1 Pack";"T-55AM-1 Pack";"T-55AM-1 Pack";"T-55AM-1 Pack";"T-55AM-1 Pack";"T-55AM-1 Pack";"T-55AM-1 Pack";"T-55AM-1 Pack";"T-55AM-1 Pack";"T-55AM-1 Pack";;
"charServer/entitlement/f_86f_35_ps_prem";"Набор Sabre Skyblazers";"Набор Sabre Skyblazers";"Набор Sabre Skyblazers";"Набор Sabre Skyblazers";"Набор Sabre Skyblazers";"Набор Sabre Skyblazers";"Набор Sabre Skyblazers";"Набор Sabre Skyblazers";"Набор Sabre Skyblazers";"Н\tа\tб\tо\tр\t Sabre Skyblazers";"Набор Sabre Skyblazers";"Набор Sabre Skyblazers";"Набор Sabre Skyblazers";"Набор Sabre Skyblazers";"Набор Sabre Skyblazers";"Набор Sabre Skyblazers";"Набор Sabre Skyblazers";"Набор Sabre Skyblazers";"Набор Sabre Skyblazers";"Набор Sabre Skyblazers";"Н\tа\tб\tо\tр\t Sabre Skyblazers";;
"charServer/entitlement/uk_centurion_shot_kal_d_ps_prem";"Sho’t Kal Dalet Pack";"Sho’t Kal Dalet Pack";"Sho’t Kal Dalet Pack";"Sho’t Kal Dalet Pack";"Sho’t Kal Dalet Pack";"Набор Sho’t Kal Dalet";"Sho’t Kal Dalet Pack";"Sho’t Kal Dalet Pack";"Sho’t Kal Dalet Pack";"Sho\t’\tt Kal Dalet Pack";"Sho’t Kal Dalet Pack";"Sho’t Kal Dalet Pack";"Sho’t Kal Dalet Pack";"Sho’t Kal Dalet Pack";"Sho’t Kal Dalet Pack";"Sho’t Kal Dalet Pack";"Sho’t Kal Dalet Pack";"Sho’t Kal Dalet Pack";"Sho’t Kal Dalet Pack";"Sho’t Kal Dalet Pack";"Sho\t’\tt Kal Dalet Pack";;
"charServer/entitlement/sea_hawk_mk100_ps_prem_pack";"Sea Hawk Pack";"Sea Hawk Pack";"Sea Hawk Pack";"Sea Hawk Pack";"Sea Hawk Pack";"Набор Sea Hawk";"Sea Hawk Pack";"Sea Hawk Pack";"Sea Hawk Pack";"Sea Hawk Pack";"Sea Hawk Pack";"Sea Hawk Pack";"Sea Hawk Pack";"Sea Hawk Pack";"Sea Hawk Pack";"Sea Hawk Pack";"Sea Hawk Pack";"Sea Hawk Pack";"Sea Hawk Pack";"Sea Hawk Pack";"Sea Hawk Pack";;
"charServer/entitlement/jp_pg_02_ps_prem";"PG 02 Pack";"PG 02 Pack";"PG 02 Pack";"PG 02 Pack";"PG 02 Pack";"Набор PG 02";"PG 02 Pack";"PG 02 Pack";"PG 02 Pack";"PG 02 Pack";"PG 02 Pack";"PG 02 Pack";"PG 02 Pack";"PG 02 Pack";"PG 02 Pack";"PG 02 Pack";"PG 02 Pack";"PG 02 Pack";"PG 02 Pack";"PG 02 Pack";"PG 02 Pack";;
"charServer/entitlement/it_of_40_ps_prem";"OF-40 Mk.2 (MTCA) Pack";"OF-40 Mk.2 (MTCA) Pack";"OF-40 Mk.2 (MTCA) Pack";"OF-40 Mk.2 (MTCA) Pack";"OF-40 Mk.2 (MTCA) Pack";"Набор OF-40 Mk.2 (MTCA)";"OF-40 Mk.2 (MTCA) Pack";"OF-40 Mk.2 (MTCA) Pack";"OF-40 Mk.2 (MTCA) Pack";"OF-40 Mk.2 (MTCA) Pack";"OF-40 Mk.2 (MTCA) Pack";"OF-40 Mk.2 (MTCA) Pack";"OF-40 Mk.2 (MTCA) Pack";"OF-40 Mk.2 (MTCA) Pack";"OF-40 Mk.2 (MTCA) Pack";"OF-40 Mk.2 (MTCA) Pack";"OF-40 Mk.2 (MTCA) Pack";"OF-40 Mk.2 (MTCA) Pack";"OF-40 Mk.2 (MTCA) Pack";"OF-40 Mk.2 (MTCA) Pack";"OF-40 Mk.2 (MTCA) Pack";;
"charServer/entitlement/cn_m4a4_sherman_ps_prem";"M4A4 Sherman Pack";"M4A4 Sherman Pack";"M4A4 Sherman Pack";"M4A4 Sherman Pack";"M4A4 Sherman Pack";"Набор M4A4 Sherman";"M4A4 Sherman Pack";"M4A4 Sherman Pack";"M4A4 Sherman Pack";"M4A4 Sherman Pack";"M4A4 Sherman Pack";"M4A4 Sherman Pack";"M4A4 Sherman Pack";"M4A4 Sherman Pack";"M4A4 Sherman Pack";"M4A4 Sherman Pack";"M4A4 Sherman Pack";"M4A4 Sherman Pack";"M4A4 Sherman Pack";"M4A4 Sherman Pack";"M4A4 Sherman Pack";;
"charServer/entitlement/mig_17_cuba_ps_prem";"MiG-17AS Pack";"MiG-17AS Pack";"MiG-17AS Pack";"MiG-17AS Pack";"MiG-17AS Pack";"Набор МиГ-17АС";"MiG-17AS Pack";"MiG-17AS Pack";"MiG-17AS Pack";"MiG-17AS Pack";"MiG-17AS Pack";"MiG-17AS Pack";"MiG-17AS Pack";"MiG-17AS Pack";"MiG-17AS Pack";"MiG-17AS Pack";"MiG-17AS Pack";"MiG-17AS Pack";"MiG-17AS Pack";"MiG-17AS Pack";"MiG-17AS Pack";;
"charServer/entitlement/ka_50_ps_prem";"Black Shark Pack";"Black Shark Pack";"Black Shark Pack";"Black Shark Pack";"Black Shark Pack";"Набор Черная акула";"Black Shark Pack";"Black Shark Pack";"Black Shark Pack";"Black Shark Pack";"Black Shark Pack";"Black Shark Pack";"Black Shark Pack";"Black Shark Pack";"Black Shark Pack";"Black Shark Pack";"Black Shark Pack";"Black Shark Pack";"Black Shark Pack";"Black Shark Pack";"Black Shark Pack";;
"charServer/entitlement/pyorremyrsky_ps_prem";"VL Pyorremyrsky Pack";"VL Pyorremyrsky Pack";"VL Pyorremyrsky Pack";"VL Pyorremyrsky Pack";"VL Pyorremyrsky Pack";"Набор VL Pyorremyrsky";"VL Pyorremyrsky Pack";"VL Pyorremyrsky Pack";"VL Pyorremyrsky Pack";"VL Pyorremyrsky Pack";"VL Pyorremyrsky Pack";"VL Pyorremyrsky Pack";"VL Pyorremyrsky Pack";"VL Pyorremyrsky Pack";"VL Pyorremyrsky Pack";"VL Pyorremyrsky Pack";"VL Pyorremyrsky Pack";"VL Pyorremyrsky Pack";"VL Pyorremyrsky Pack";"VL Pyorremyrsky Pack";"VL Pyorremyrsky Pack";;
"charServer/entitlement/saab_j29d_ps_prem";"Saab J-29D Pack";"Saab J-29D Pack";"Saab J-29D Pack";"Saab J-29D Pack";"Saab J-29D Pack";"Набор Saab J-29D";"Saab J-29D Pack";"Saab J-29D Pack";"Saab J-29D Pack";"Saab J-29D Pack";"Saab J-29D Pack";"Saab J-29D Pack";"Saab J-29D Pack";"Saab J-29D Pack";"Saab J-29D Pack";"Saab J-29D Pack";"Saab J-29D Pack";"Saab J-29D Pack";"Saab J-29D Pack";"Saab J-29D Pack";"Saab J-29D Pack";;
"charServer/entitlement/a129_mangusta_ps_prem";"Mangusta Pack";"Mangusta Pack";"Mangusta Pack";"Mangusta Pack";"Mangusta Pack";"Набор Mangusta";"Mangusta Pack";"Mangusta Pack";"Mangusta Pack";"Mangusta Pack";"Mangusta Pack";"Mangusta Pack";"Mangusta Pack";"Mangusta Pack";"Mangusta Pack";"Mangusta Pack";"Mangusta Pack";"Mangusta Pack";"Mangusta Pack";"Mangusta Pack";"Mangusta Pack";;
"charServer/entitlement/hunter_f9_rhodesia_ps_prem";"Hunter FGA.9 Pack";"Hunter FGA.9 Pack";"Hunter FGA.9 Pack";"Hunter FGA.9 Pack";"Hunter FGA.9 Pack";"Набор Hunter FGA.9";"Hunter FGA.9 Pack";"Hunter FGA.9 Pack";"Hunter FGA.9 Pack";"Hunter FGA.9 Pack";"Hunter FGA.9 Pack";"Hunter FGA.9 Pack";"Hunter FGA.9 Pack";"Hunter FGA.9 Pack";"Hunter FGA.9 Pack";"Hunter FGA.9 Pack";"Hunter FGA.9 Pack";"Hunter FGA.9 Pack";"Hunter FGA.9 Pack";"Hunter FGA.9 Pack";"Hunter FGA.9 Pack";;
"charServer/entitlement/strv_103_0_ps_prem";"Strv 103-0 Pack";"Strv 103-0 Pack";"Strv 103-0 Pack";"Strv 103-0 Pack";"Strv 103-0 Pack";"Набор Strv 103-0";"Strv 103-0 Pack";"Strv 103-0 Pack";"Strv 103-0 Pack";"Strv 103-0 Pack";"Strv 103-0 Pack";"Strv 103-0 Pack";"Strv 103-0 Pack";"Strv 103-0 Pack";"Strv 103-0 Pack";"Strv 103-0 Pack";"Strv 103-0 Pack";"Strv 103-0 Pack";"Strv 103-0 Pack";"Strv 103-0 Pack";"Strv 103-0 Pack";;
"charServer/entitlement/sw_sav_fm48_ps_prem";"SAV 20.12.48 Pack";"SAV 20.12.48 Pack";"SAV 20.12.48 Pack";"SAV 20.12.48 Pack";"SAV 20.12.48 Pack";"Набор SAV 20.12.48";"SAV 20.12.48 Pack";"SAV 20.12.48 Pack";"SAV 20.12.48 Pack";"SAV 20.12.48 Pack";"SAV 20.12.48 Pack";"SAV 20.12.48 Pack";"SAV 20.12.48 Pack";"SAV 20.12.48 Pack";"SAV 20.12.48 Pack";"SAV 20.12.48 Pack";"SAV 20.12.48 Pack";"SAV 20.12.48 Pack";"SAV 20.12.48 Pack";"SAV 20.12.48 Pack";"SAV 20.12.48 Pack";;
"charServer/entitlement/prinz_eugen_ps_prem";"Prinz Eugen Pack";"Prinz Eugen Pack";"Prinz Eugen Pack";"Prinz Eugen Pack";"Prinz Eugen Pack";"Набор Prinz Eugen";"Prinz Eugen Pack";"Prinz Eugen Pack";"Prinz Eugen Pack";"Prinz Eugen Pack";"Prinz Eugen Pack";"Prinz Eugen Pack";"Prinz Eugen Pack";"Prinz Eugen Pack";"Prinz Eugen Pack";"Prinz Eugen Pack";"Prinz Eugen Pack";"Prinz Eugen Pack";"Prinz Eugen Pack";"Prinz Eugen Pack";"Prinz Eugen Pack";;
"charServer/entitlement/ussr_beginners_pack_ps_prem";"USSR Starter Pack";"USSR Starter Pack";"USSR Starter Pack";"USSR Starter Pack";"USSR Starter Pack";"Начальный набор СССР";"USSR Starter Pack";"USSR Starter Pack";"USSR Starter Pack";"USSR Starter Pack";"USSR Starter Pack";"USSR Starter Pack";"USSR Starter Pack";"USSR Starter Pack";"USSR Starter Pack";"USSR Starter Pack";"USSR Starter Pack";"USSR Starter Pack";"USSR Starter Pack";"USSR Starter Pack";"USSR Starter Pack";;
"charServer/entitlement/germany_beginners_pack_ps_prem";"German Starter Pack";"German Starter Pack";"German Starter Pack";"German Starter Pack";"German Starter Pack";"Начальный набор Германии";"German Starter Pack";"German Starter Pack";"German Starter Pack";"German Starter Pack";"German Starter Pack";"German Starter Pack";"German Starter Pack";"German Starter Pack";"German Starter Pack";"German Starter Pack";"German Starter Pack";"German Starter Pack";"German Starter Pack";"German Starter Pack";"German Starter Pack";;
"charServer/entitlement/japan_beginners_pack_ps_prem";"Japanese Starter Pack";"Japanese Starter Pack";"Japanese Starter Pack";"Japanese Starter Pack";"Japanese Starter Pack";"Начальный набор Японии";"Japanese Starter Pack";"Japanese Starter Pack";"Japanese Starter Pack";"Japanese Starter Pack";"Japanese Starter Pack";"Japanese Starter Pack";"Japanese Starter Pack";"Japanese Starter Pack";"Japanese Starter Pack";"Japanese Starter Pack";"Japanese Starter Pack";"Japanese Starter Pack";"Japanese Starter Pack";"Japanese Starter Pack";"Japanese Starter Pack";;
"charServer/entitlement/britain_beginners_pack_ps_prem";"British Starter Pack";"British Starter Pack";"British Starter Pack";"British Starter Pack";"British Starter Pack";"Начальный набор Великобритании";"British Starter Pack";"British Starter Pack";"British Starter Pack";"British Starter Pack";"British Starter Pack";"British Starter Pack";"British Starter Pack";"British Starter Pack";"British Starter Pack";"British Starter Pack";"British Starter Pack";"British Starter Pack";"British Starter Pack";"British Starter Pack";"British Starter Pack";;
"charServer/entitlement/uk_rooikat_105_ps_prem";"Rooikat 105 Pack";"Rooikat 105 Pack";"Rooikat 105 Pack";"Rooikat 105 Pack";"Rooikat 105 Pack";"Набор Rooikat 105";"Rooikat 105 Pack";"Rooikat 105 Pack";"Rooikat 105 Pack";"Rooikat 105 Pack";"Rooikat 105 Pack";"Rooikat 105 Pack";"Rooikat 105 Pack";"Rooikat 105 Pack";"Rooikat 105 Pack";"Rooikat 105 Pack";"Rooikat 105 Pack";"Rooikat 105 Pack";"Rooikat 105 Pack";"Rooikat 105 Pack";"Rooikat 105 Pack";;
"charServer/entitlement/ah_64a_peten_ps_prem";"Apache Pack";"Apache Pack";"Apache Pack";"Apache Pack";"Apache Pack";"Набор Apache";"Apache Pack";"Apache Pack";"Apache Pack";"Apache Pack";"Apache Pack";"Apache Pack";"Apache Pack";"Apache Pack";"Apache Pack";"Apache Pack";"Apache Pack";"Apache Pack";"Apache Pack";"Apache Pack";"Apache Pack";;
"charServer/entitlement/sw_cv_90105_tml_ps_prem";"CV 90105 TML Pack";"CV 90105 TML Pack";"CV 90105 TML Pack";"CV 90105 TML Pack";"CV 90105 TML Pack";"Набор CV 90105 TML";"CV 90105 TML Pack";"CV 90105 TML Pack";"CV 90105 TML Pack";"CV 90105 TML Pack";"CV 90105 TML Pack";"CV 90105 TML Pack";"CV 90105 TML Pack";"CV 90105 TML Pack";"CV 90105 TML Pack";"CV 90105 TML Pack";"CV 90105 TML Pack";"CV 90105 TML Pack";"CV 90105 TML Pack";"CV 90105 TML Pack";"CV 90105 TML Pack";;
"charServer/entitlement/geniere_ps_prem";"Geniere Pack";"Geniere Pack";"Geniere Pack";"Geniere Pack";"Geniere Pack";"Набор Geniere";"Geniere Pack";"Geniere Pack";"Geniere Pack";"Geniere Pack";"Geniere Pack";"Geniere Pack";"Geniere Pack";"Geniere Pack";"Geniere Pack";"Geniere Pack";"Geniere Pack";"Geniere Pack";"Geniere Pack";"Geniere Pack";"Geniere Pack";;
"charServer/entitlement/p_420_sparviero_ps_prem";"P 420 Sparviero Pack";"P 420 Sparviero Pack";"P 420 Sparviero Pack";"P 420 Sparviero Pack";"P 420 Sparviero Pack";"Набор P 420 Sparviero";"P 420 Sparviero Pack";"P 420 Sparviero Pack";"P 420 Sparviero Pack";"P 420 Sparviero Pack";"P 420 Sparviero Pack";"P 420 Sparviero Pack";"P 420 Sparviero Pack";"P 420 Sparviero Pack";"P 420 Sparviero Pack";"P 420 Sparviero Pack";"P 420 Sparviero Pack";"P 420 Sparviero Pack";"P 420 Sparviero Pack";"P 420 Sparviero Pack";"P 420 Sparviero Pack";;
"charServer/entitlement/type_69_2g_ps_prem";"Type 69-IIG Pack";"Type 69-IIG Pack";"Type 69-IIG Pack";"Type 69-IIG Pack";"Type 69-IIG Pack";"Набор Type 69-IIG";"Type 69-IIG Pack";"Type 69-IIG Pack";"Type 69-IIG Pack";"Type 69-IIG Pack";"Type 69-IIG Pack";"Type 69-IIG Pack";"Type 69-IIG Pack";"Type 69-IIG Pack";"Type 69-IIG Pack";"Type 69-IIG Pack";"Type 69-IIG Pack";"Type 69-IIG Pack";"Type 69-IIG Pack";"Type 69-IIG Pack";"Type 69-IIG Pack";;
